0 verbose cli /usr/local/bin/node /usr/local/bin/npm
1 info using npm@10.8.2
2 info using node@v22.23.2
3 silly config load:file:/usr/local/lib/node_modules/npm/npmrc
4 silly config load:file:/workspace/.npmrc
5 silly config load:file:/home/node/.npmrc
6 silly config load:file:/usr/local/etc/npmrc
7 verbose title npm install
8 verbose argv "install" "--cache" "/workspace/.npm-cache"
9 verbose logfile logs-max:10 dir:/workspace/.npm-cache/_logs/2026-09-23T15_31_43_858Z-
10 verbose logfile /workspace/.npm-cache/_logs/2026-09-23T15_31_43_858Z-debug-0.log
11 silly packumentCache heap:4345298944 maxSize:1086324736 maxEntrySize:543162368
12 silly logfile done cleaning log files
13 silly idealTree buildDeps
14 silly fetch manifest react@^18.3.1
15 silly packumentCache full:https://registry.npmjs.org/react cache-miss
16 http fetch GET 200 https://registry.npmjs.org/npm 483ms
17 http fetch GET 200 https://registry.npmjs.org/react 593ms (cache miss)
18 silly packumentCache full:https://registry.npmjs.org/react set size:undefined disposed:false
19 silly fetch manifest react-dom@^18.3.1
20 silly packumentCache full:https://registry.npmjs.org/react-dom cache-miss
21 http fetch GET 200 https://registry.npmjs.org/react-dom 376ms (cache miss)
22 silly packumentCache full:https://registry.npmjs.org/react-dom set size:undefined disposed:false
23 silly fetch manifest @types/react@^18.3.12
24 silly packumentCache full:https://registry.npmjs.org/@types%2freact cache-miss
25 http fetch GET 200 https://registry.npmjs.org/@types%2freact 200ms (cache miss)
26 silly packumentCache full:https://registry.npmjs.org/@types%2freact set size:undefined disposed:false
27 silly fetch manifest @types/react-dom@^18.3.1
28 silly packumentCache full:https://registry.npmjs.org/@types%2freact-dom cache-miss
29 http fetch GET 200 https://registry.npmjs.org/@types%2freact-dom 150ms (cache miss)
30 silly packumentCache full:https://registry.npmjs.org/@types%2freact-dom set size:undefined disposed:false
31 silly fetch manifest @vitejs/plugin-react@^4.3.4
32 silly packumentCache full:https://registry.npmjs.org/@vitejs%2fplugin-react cache-miss
33 http fetch GET 200 https://registry.npmjs.org/@vitejs%2fplugin-react 136ms (cache miss)
34 silly packumentCache full:https://registry.npmjs.org/@vitejs%2fplugin-react set size:undefined disposed:false
35 silly fetch manifest vite@^5.4.11
36 silly packumentCache full:https://registry.npmjs.org/vite cache-miss
37 http fetch GET 200 https://registry.npmjs.org/vite 1609ms (cache miss)
38 silly packumentCache full:https://registry.npmjs.org/vite set size:undefined disposed:false
39 silly fetch manifest @types/node@^18.0.0 || >=20.0.0
40 silly packumentCache full:https://registry.npmjs.org/@types%2fnode cache-miss
41 http fetch GET 200 https://registry.npmjs.org/@types%2fnode 337ms (cache miss)
42 silly packumentCache full:https://registry.npmjs.org/@types%2fnode set size:undefined disposed:false
43 silly fetch manifest less@*
44 silly packumentCache full:https://registry.npmjs.org/less cache-miss
45 http fetch GET 200 https://registry.npmjs.org/less 140ms (cache miss)
46 silly packumentCache full:https://registry.npmjs.org/less set size:undefined disposed:false
47 silly fetch manifest lightningcss@^1.21.0
48 silly packumentCache full:https://registry.npmjs.org/lightningcss cache-miss
49 http fetch GET 200 https://registry.npmjs.org/lightningcss 124ms (cache miss)
50 silly packumentCache full:https://registry.npmjs.org/lightningcss set size:undefined disposed:false
51 silly fetch manifest sass@*
52 silly packumentCache full:https://registry.npmjs.org/sass cache-miss
53 http fetch GET 200 https://registry.npmjs.org/sass 139ms (cache miss)
54 silly packumentCache full:https://registry.npmjs.org/sass set size:undefined disposed:false
55 silly fetch manifest sass-embedded@*
56 silly packumentCache full:https://registry.npmjs.org/sass-embedded cache-miss
57 http fetch GET 200 https://registry.npmjs.org/sass-embedded 124ms (cache miss)
58 silly packumentCache full:https://registry.npmjs.org/sass-embedded set size:undefined disposed:false
59 silly fetch manifest stylus@*
60 silly packumentCache full:https://registry.npmjs.org/stylus cache-miss
61 http fetch GET 200 https://registry.npmjs.org/stylus 129ms (cache miss)
62 silly packumentCache full:https://registry.npmjs.org/stylus set size:undefined disposed:false
63 silly fetch manifest sugarss@*
64 silly packumentCache full:https://registry.npmjs.org/sugarss cache-miss
65 http fetch GET 200 https://registry.npmjs.org/sugarss 115ms (cache miss)
66 silly packumentCache full:https://registry.npmjs.org/sugarss set size:undefined disposed:false
67 silly fetch manifest postcss@^8.3.3
68 silly packumentCache full:https://registry.npmjs.org/postcss cache-miss
69 http fetch GET 200 https://registry.npmjs.org/postcss 138ms (cache miss)
70 silly packumentCache full:https://registry.npmjs.org/postcss set size:undefined disposed:false
71 silly fetch manifest terser@^5.4.0
72 silly packumentCache full:https://registry.npmjs.org/terser cache-miss
73 http fetch GET 200 https://registry.npmjs.org/terser 145ms (cache miss)
74 silly packumentCache full:https://registry.npmjs.org/terser set size:undefined disposed:false
75 silly fetch manifest typescript@^5.6.3
76 silly packumentCache full:https://registry.npmjs.org/typescript cache-miss
77 http fetch GET 200 https://registry.npmjs.org/typescript 429ms (cache miss)
78 silly packumentCache full:https://registry.npmjs.org/typescript set size:undefined disposed:false
79 silly fetch manifest vitest@^2.1.8
80 silly packumentCache full:https://registry.npmjs.org/vitest cache-miss
81 http fetch GET 200 https://registry.npmjs.org/vitest 173ms (cache miss)
82 silly packumentCache full:https://registry.npmjs.org/vitest set size:undefined disposed:false
83 silly fetch manifest @edge-runtime/vm@*
84 silly packumentCache full:https://registry.npmjs.org/@edge-runtime%2fvm cache-miss
85 http fetch GET 200 https://registry.npmjs.org/@edge-runtime%2fvm 153ms (cache miss)
86 silly packumentCache full:https://registry.npmjs.org/@edge-runtime%2fvm set size:undefined disposed:false
87 silly fetch manifest @vitest/browser@2.1.9
88 silly packumentCache full:https://registry.npmjs.org/@vitest%2fbrowser cache-miss
89 http fetch GET 200 https://registry.npmjs.org/@vitest%2fbrowser 156ms (cache miss)
90 silly packumentCache full:https://registry.npmjs.org/@vitest%2fbrowser set size:undefined disposed:false
91 silly fetch manifest playwright@*
92 silly packumentCache full:https://registry.npmjs.org/playwright cache-miss
93 http fetch GET 200 https://registry.npmjs.org/playwright 499ms (cache miss)
94 silly packumentCache full:https://registry.npmjs.org/playwright set size:undefined disposed:false
95 silly fetch manifest webdriverio@*
96 silly packumentCache full:https://registry.npmjs.org/webdriverio cache-miss
97 http fetch GET 200 https://registry.npmjs.org/webdriverio 190ms (cache miss)
98 silly packumentCache full:https://registry.npmjs.org/webdriverio set size:undefined disposed:false
99 silly fetch manifest puppeteer-core@>=22.x <=24.x
100 silly packumentCache full:https://registry.npmjs.org/puppeteer-core cache-miss
101 http fetch GET 200 https://registry.npmjs.org/puppeteer-core 166ms (cache miss)
102 silly packumentCache full:https://registry.npmjs.org/puppeteer-core set size:undefined disposed:false
103 silly fetch manifest @vitest/ui@2.1.9
104 silly packumentCache full:https://registry.npmjs.org/@vitest%2fui cache-miss
105 http fetch GET 200 https://registry.npmjs.org/@vitest%2fui 173ms (cache miss)
106 silly packumentCache full:https://registry.npmjs.org/@vitest%2fui set size:undefined disposed:false
107 silly fetch manifest happy-dom@*
108 silly packumentCache full:https://registry.npmjs.org/happy-dom cache-miss
109 http fetch GET 200 https://registry.npmjs.org/happy-dom 217ms (cache miss)
110 silly packumentCache full:https://registry.npmjs.org/happy-dom set size:undefined disposed:false
111 silly fetch manifest jsdom@*
112 silly packumentCache full:https://registry.npmjs.org/jsdom cache-miss
113 http fetch GET 200 https://registry.npmjs.org/jsdom 137ms (cache miss)
114 silly packumentCache full:https://registry.npmjs.org/jsdom set size:undefined disposed:false
115 silly fetch manifest canvas@^3.2.3
116 silly packumentCache full:https://registry.npmjs.org/canvas cache-miss
117 http fetch GET 200 https://registry.npmjs.org/canvas 135ms (cache miss)
118 silly packumentCache full:https://registry.npmjs.org/canvas set size:undefined disposed:false
119 silly placeDep ROOT @types/react@18.3.31 OK for: tailbiting-conv-review@1.0.0 want: ^18.3.12
120 silly placeDep ROOT @types/react-dom@18.3.7 OK for: tailbiting-conv-review@1.0.0 want: ^18.3.1
121 silly placeDep ROOT @vitejs/plugin-react@4.7.0 OK for: tailbiting-conv-review@1.0.0 want: ^4.3.4
122 silly placeDep ROOT vite@5.4.21 OK for: @vitejs/plugin-react@4.7.0 want: ^4.2.0 || ^5.0.0 || ^6.0.0 || ^7.0.0
123 silly placeDep ROOT react@18.3.1 OK for: tailbiting-conv-review@1.0.0 want: ^18.3.1
124 silly placeDep ROOT react-dom@18.3.1 OK for: tailbiting-conv-review@1.0.0 want: ^18.3.1
125 silly placeDep ROOT typescript@5.9.3 OK for: tailbiting-conv-review@1.0.0 want: ^5.6.3
126 silly placeDep ROOT vitest@2.1.9 OK for: tailbiting-conv-review@1.0.0 want: ^2.1.8
127 silly fetch manifest csstype@^3.2.2
128 silly packumentCache full:https://registry.npmjs.org/csstype cache-miss
129 silly fetch manifest @types/prop-types@*
130 silly packumentCache full:https://registry.npmjs.org/@types%2fprop-types cache-miss
131 silly fetch manifest @babel/core@^7.28.0
132 silly packumentCache full:https://registry.npmjs.org/@babel%2fcore cache-miss
133 silly fetch manifest react-refresh@^0.17.0
134 silly packumentCache full:https://registry.npmjs.org/react-refresh cache-miss
135 silly fetch manifest @types/babel__core@^7.20.5
136 silly packumentCache full:https://registry.npmjs.org/@types%2fbabel__core cache-miss
137 silly fetch manifest @rolldown/pluginutils@1.0.0-beta.27
138 silly packumentCache full:https://registry.npmjs.org/@rolldown%2fpluginutils cache-miss
139 silly fetch manifest @babel/plugin-transform-react-jsx-self@^7.27.1
140 silly packumentCache full:https://registry.npmjs.org/@babel%2fplugin-transform-react-jsx-self cache-miss
141 silly fetch manifest @babel/plugin-transform-react-jsx-source@^7.27.1
142 silly packumentCache full:https://registry.npmjs.org/@babel%2fplugin-transform-react-jsx-source cache-miss
143 silly fetch manifest rollup@^4.20.0
144 silly packumentCache full:https://registry.npmjs.org/rollup cache-miss
145 http fetch GET 200 https://registry.npmjs.org/csstype 116ms (cache miss)
146 silly packumentCache full:https://registry.npmjs.org/csstype set size:undefined disposed:false
147 silly fetch manifest esbuild@^0.21.3
148 silly packumentCache full:https://registry.npmjs.org/esbuild cache-miss
149 http fetch GET 200 https://registry.npmjs.org/@types%2fprop-types 142ms (cache miss)
150 silly packumentCache full:https://registry.npmjs.org/@types%2fprop-types set size:undefined disposed:false
151 silly fetch manifest postcss@^8.4.43
152 silly packumentCache full:https://registry.npmjs.org/postcss cache-miss
153 http fetch GET 200 https://registry.npmjs.org/postcss 6ms (cache hit)
154 silly packumentCache full:https://registry.npmjs.org/postcss set size:766699 disposed:false
155 silly fetch manifest fsevents@~2.3.3
156 silly packumentCache full:https://registry.npmjs.org/fsevents cache-miss
157 http fetch GET 200 https://registry.npmjs.org/fsevents 120ms (cache miss)
158 silly packumentCache full:https://registry.npmjs.org/fsevents set size:undefined disposed:false
159 silly fetch manifest loose-envify@^1.1.0
160 silly packumentCache full:https://registry.npmjs.org/loose-envify cache-miss
161 http fetch GET 200 https://registry.npmjs.org/esbuild 193ms (cache miss)
162 silly packumentCache full:https://registry.npmjs.org/esbuild set size:undefined disposed:false
163 silly fetch manifest scheduler@^0.23.2
164 silly packumentCache full:https://registry.npmjs.org/scheduler cache-miss
165 http fetch GET 200 https://registry.npmjs.org/loose-envify 119ms (cache miss)
166 silly packumentCache full:https://registry.npmjs.org/loose-envify set size:undefined disposed:false
167 silly fetch manifest chai@^5.1.2
168 silly packumentCache full:https://registry.npmjs.org/chai cache-miss
169 http fetch GET 200 https://registry.npmjs.org/@types%2fbabel__core 454ms (cache miss)
170 silly packumentCache full:https://registry.npmjs.org/@types%2fbabel__core set size:undefined disposed:false
171 silly fetch manifest debug@^4.3.7
172 silly packumentCache full:https://registry.npmjs.org/debug cache-miss
173 http fetch GET 200 https://registry.npmjs.org/@babel%2fplugin-transform-react-jsx-source 486ms (cache miss)
174 silly packumentCache full:https://registry.npmjs.org/@babel%2fplugin-transform-react-jsx-source set size:undefined disposed:false
175 silly fetch manifest pathe@^1.1.2
176 silly packumentCache full:https://registry.npmjs.org/pathe cache-miss
177 http fetch GET 200 https://registry.npmjs.org/chai 121ms (cache miss)
178 silly packumentCache full:https://registry.npmjs.org/chai set size:undefined disposed:false
179 silly fetch manifest std-env@^3.8.0
180 silly packumentCache full:https://registry.npmjs.org/std-env cache-miss
181 http fetch GET 200 https://registry.npmjs.org/@babel%2fplugin-transform-react-jsx-self 535ms (cache miss)
182 silly packumentCache full:https://registry.npmjs.org/@babel%2fplugin-transform-react-jsx-self set size:undefined disposed:false
183 silly fetch manifest tinyexec@^0.3.1
184 silly packumentCache full:https://registry.npmjs.org/tinyexec cache-miss
185 http fetch GET 200 https://registry.npmjs.org/@rolldown%2fpluginutils 539ms (cache miss)
186 silly packumentCache full:https://registry.npmjs.org/@rolldown%2fpluginutils set size:undefined disposed:false
187 silly fetch manifest tinypool@^1.0.1
188 silly packumentCache full:https://registry.npmjs.org/tinypool cache-miss
189 http fetch GET 200 https://registry.npmjs.org/@babel%2fcore 558ms (cache miss)
190 silly packumentCache full:https://registry.npmjs.org/@babel%2fcore set size:undefined disposed:false
191 silly fetch manifest tinybench@^2.9.0
192 silly packumentCache full:https://registry.npmjs.org/tinybench cache-miss
193 http fetch GET 200 https://registry.npmjs.org/scheduler 299ms (cache miss)
194 silly packumentCache full:https://registry.npmjs.org/scheduler set size:undefined disposed:false
195 silly fetch manifest vite-node@2.1.9
196 silly packumentCache full:https://registry.npmjs.org/vite-node cache-miss
197 http fetch GET 200 https://registry.npmjs.org/debug 196ms (cache miss)
198 silly packumentCache full:https://registry.npmjs.org/debug set size:undefined disposed:false
199 silly fetch manifest @vitest/spy@2.1.9
200 silly packumentCache full:https://registry.npmjs.org/@vitest%2fspy cache-miss
201 http fetch GET 200 https://registry.npmjs.org/pathe 169ms (cache miss)
202 silly packumentCache full:https://registry.npmjs.org/pathe set size:undefined disposed:false
203 silly fetch manifest expect-type@^1.1.0
204 silly packumentCache full:https://registry.npmjs.org/expect-type cache-miss
205 http fetch GET 200 https://registry.npmjs.org/tinyexec 145ms (cache miss)
206 silly packumentCache full:https://registry.npmjs.org/tinyexec set size:undefined disposed:false
207 silly fetch manifest tinyrainbow@^1.2.0
208 silly packumentCache full:https://registry.npmjs.org/tinyrainbow cache-miss
209 http fetch GET 200 https://registry.npmjs.org/std-env 168ms (cache miss)
210 silly packumentCache full:https://registry.npmjs.org/std-env set size:undefined disposed:false
211 silly fetch manifest magic-string@^0.30.12
212 silly packumentCache full:https://registry.npmjs.org/magic-string cache-miss
213 http fetch GET 200 https://registry.npmjs.org/tinybench 133ms (cache miss)
214 silly packumentCache full:https://registry.npmjs.org/tinybench set size:undefined disposed:false
215 silly fetch manifest @vitest/utils@2.1.9
216 silly packumentCache full:https://registry.npmjs.org/@vitest%2futils cache-miss
217 http fetch GET 200 https://registry.npmjs.org/tinypool 170ms (cache miss)
218 silly packumentCache full:https://registry.npmjs.org/tinypool set size:undefined disposed:false
219 silly fetch manifest @vitest/expect@2.1.9
220 silly packumentCache full:https://registry.npmjs.org/@vitest%2fexpect cache-miss
221 http fetch GET 200 https://registry.npmjs.org/tinyrainbow 123ms (cache miss)
222 silly packumentCache full:https://registry.npmjs.org/tinyrainbow set size:undefined disposed:false
223 silly fetch manifest @vitest/mocker@2.1.9
224 silly packumentCache full:https://registry.npmjs.org/@vitest%2fmocker cache-miss
225 http fetch GET 200 https://registry.npmjs.org/expect-type 154ms (cache miss)
226 silly packumentCache full:https://registry.npmjs.org/expect-type set size:undefined disposed:false
227 silly fetch manifest @vitest/runner@2.1.9
228 silly packumentCache full:https://registry.npmjs.org/@vitest%2frunner cache-miss
229 http fetch GET 200 https://registry.npmjs.org/magic-string 136ms (cache miss)
230 silly packumentCache full:https://registry.npmjs.org/magic-string set size:undefined disposed:false
231 silly fetch manifest @vitest/snapshot@2.1.9
232 silly packumentCache full:https://registry.npmjs.org/@vitest%2fsnapshot cache-miss
233 http fetch GET 200 https://registry.npmjs.org/@vitest%2fspy 199ms (cache miss)
234 silly packumentCache full:https://registry.npmjs.org/@vitest%2fspy set size:undefined disposed:false
235 silly fetch manifest why-is-node-running@^2.3.0
236 silly packumentCache full:https://registry.npmjs.org/why-is-node-running cache-miss
237 http fetch GET 200 https://registry.npmjs.org/react-refresh 858ms (cache miss)
238 silly packumentCache full:https://registry.npmjs.org/react-refresh set size:undefined disposed:false
239 silly fetch manifest @vitest/pretty-format@^2.1.9
240 silly packumentCache full:https://registry.npmjs.org/@vitest%2fpretty-format cache-miss
241 http fetch GET 200 https://registry.npmjs.org/vite-node 260ms (cache miss)
242 silly packumentCache full:https://registry.npmjs.org/vite-node set size:undefined disposed:false
243 http fetch GET 200 https://registry.npmjs.org/@vitest%2futils 215ms (cache miss)
244 silly packumentCache full:https://registry.npmjs.org/@vitest%2futils set size:undefined disposed:false
245 http fetch GET 200 https://registry.npmjs.org/@vitest%2fexpect 216ms (cache miss)
246 silly packumentCache full:https://registry.npmjs.org/@vitest%2fexpect set size:undefined disposed:false
247 http fetch GET 200 https://registry.npmjs.org/@vitest%2fmocker 138ms (cache miss)
248 silly packumentCache full:https://registry.npmjs.org/@vitest%2fmocker set size:undefined disposed:false
249 http fetch GET 200 https://registry.npmjs.org/@vitest%2fsnapshot 156ms (cache miss)
250 silly packumentCache full:https://registry.npmjs.org/@vitest%2fsnapshot set size:undefined disposed:false
251 http fetch GET 200 https://registry.npmjs.org/@vitest%2frunner 180ms (cache miss)
252 silly packumentCache full:https://registry.npmjs.org/@vitest%2frunner set size:undefined disposed:false
253 http fetch GET 200 https://registry.npmjs.org/why-is-node-running 160ms (cache miss)
254 silly packumentCache full:https://registry.npmjs.org/why-is-node-running set size:undefined disposed:false
255 http fetch GET 200 https://registry.npmjs.org/@vitest%2fpretty-format 135ms (cache miss)
256 silly packumentCache full:https://registry.npmjs.org/@vitest%2fpretty-format set size:undefined disposed:false
257 http fetch GET 200 https://registry.npmjs.org/rollup 1116ms (cache miss)
258 silly packumentCache full:https://registry.npmjs.org/rollup set size:undefined disposed:false
259 silly placeDep ROOT @types/prop-types@15.7.15 OK for: @types/react@18.3.31 want: *
260 silly placeDep ROOT csstype@3.2.3 OK for: @types/react@18.3.31 want: ^3.2.2
261 silly placeDep ROOT @babel/core@7.29.7 OK for: @vitejs/plugin-react@4.7.0 want: ^7.28.0
262 silly placeDep ROOT @babel/plugin-transform-react-jsx-self@7.29.7 OK for: @vitejs/plugin-react@4.7.0 want: ^7.27.1
263 silly placeDep ROOT @babel/plugin-transform-react-jsx-source@7.29.7 OK for: @vitejs/plugin-react@4.7.0 want: ^7.27.1
264 silly placeDep ROOT @rolldown/pluginutils@1.0.0-beta.27 OK for: @vitejs/plugin-react@4.7.0 want: 1.0.0-beta.27
265 silly placeDep ROOT @types/babel__core@7.20.5 OK for: @vitejs/plugin-react@4.7.0 want: ^7.20.5
266 silly placeDep ROOT react-refresh@0.17.0 OK for: @vitejs/plugin-react@4.7.0 want: ^0.17.0
267 silly fetch manifest debug@^4.1.0
268 silly packumentCache full:https://registry.npmjs.org/debug cache-miss
269 silly fetch manifest json5@^2.2.3
270 silly packumentCache full:https://registry.npmjs.org/json5 cache-miss
271 silly fetch manifest semver@^6.3.1
272 silly packumentCache full:https://registry.npmjs.org/semver cache-miss
273 silly fetch manifest gensync@^1.0.0-beta.2
274 silly packumentCache full:https://registry.npmjs.org/gensync cache-miss
275 silly fetch manifest @babel/types@^7.29.7
276 silly packumentCache full:https://registry.npmjs.org/@babel%2ftypes cache-miss
277 silly fetch manifest @babel/parser@^7.29.7
278 silly packumentCache full:https://registry.npmjs.org/@babel%2fparser cache-miss
279 silly fetch manifest @babel/helpers@^7.29.7
280 silly packumentCache full:https://registry.npmjs.org/@babel%2fhelpers cache-miss
281 silly fetch manifest @babel/template@^7.29.7
282 silly packumentCache full:https://registry.npmjs.org/@babel%2ftemplate cache-miss
283 silly fetch manifest @babel/traverse@^7.29.7
284 silly packumentCache full:https://registry.npmjs.org/@babel%2ftraverse cache-miss
285 http fetch GET 200 https://registry.npmjs.org/debug 16ms (cache hit)
286 silly packumentCache full:https://registry.npmjs.org/debug set size:195840 disposed:false
287 silly fetch manifest @babel/generator@^7.29.7
288 silly packumentCache full:https://registry.npmjs.org/@babel%2fgenerator cache-miss
289 http fetch GET 200 https://registry.npmjs.org/gensync 117ms (cache miss)
290 silly packumentCache full:https://registry.npmjs.org/gensync set size:undefined disposed:false
291 silly fetch manifest @babel/code-frame@^7.29.7
292 silly packumentCache full:https://registry.npmjs.org/@babel%2fcode-frame cache-miss
293 http fetch GET 200 https://registry.npmjs.org/json5 124ms (cache miss)
294 silly packumentCache full:https://registry.npmjs.org/json5 set size:undefined disposed:false
295 silly fetch manifest convert-source-map@^2.0.0
296 silly packumentCache full:https://registry.npmjs.org/convert-source-map cache-miss
297 http fetch GET 200 https://registry.npmjs.org/semver 135ms (cache miss)
298 silly packumentCache full:https://registry.npmjs.org/semver set size:undefined disposed:false
299 silly fetch manifest @jridgewell/remapping@^2.3.5
300 silly packumentCache full:https://registry.npmjs.org/@jridgewell%2fremapping cache-miss
301 http fetch GET 200 https://registry.npmjs.org/@babel%2ftemplate 161ms (cache miss)
302 silly packumentCache full:https://registry.npmjs.org/@babel%2ftemplate set size:undefined disposed:false
303 silly fetch manifest @babel/helper-module-transforms@^7.29.7
304 silly packumentCache full:https://registry.npmjs.org/@babel%2fhelper-module-transforms cache-miss
305 http fetch GET 200 https://registry.npmjs.org/@babel%2fgenerator 149ms (cache miss)
306 silly packumentCache full:https://registry.npmjs.org/@babel%2fgenerator set size:undefined disposed:false
307 silly fetch manifest @babel/helper-compilation-targets@^7.29.7
308 silly packumentCache full:https://registry.npmjs.org/@babel%2fhelper-compilation-targets cache-miss
309 http fetch GET 200 https://registry.npmjs.org/@babel%2fhelpers 173ms (cache miss)
310 silly packumentCache full:https://registry.npmjs.org/@babel%2fhelpers set size:undefined disposed:false
311 silly fetch manifest @babel/helper-plugin-utils@^7.29.7
312 silly packumentCache full:https://registry.npmjs.org/@babel%2fhelper-plugin-utils cache-miss
313 http fetch GET 200 https://registry.npmjs.org/@babel%2ftraverse 178ms (cache miss)
314 silly packumentCache full:https://registry.npmjs.org/@babel%2ftraverse set size:undefined disposed:false
315 silly fetch manifest @babel/helper-plugin-utils@^7.29.7
316 silly packumentCache full:https://registry.npmjs.org/@babel%2fhelper-plugin-utils cache-miss
317 http fetch GET 200 https://registry.npmjs.org/@babel%2ftypes 189ms (cache miss)
318 silly packumentCache full:https://registry.npmjs.org/@babel%2ftypes set size:undefined disposed:false
319 silly fetch manifest @babel/types@^7.20.7
320 silly packumentCache full:https://registry.npmjs.org/@babel%2ftypes cache-miss
321 http fetch GET 200 https://registry.npmjs.org/@babel%2ftypes 4ms (cache hit)
322 silly packumentCache full:https://registry.npmjs.org/@babel%2ftypes set size:507562 disposed:false
323 silly fetch manifest @babel/parser@^7.20.7
324 silly packumentCache full:https://registry.npmjs.org/@babel%2fparser cache-miss
325 http fetch GET 200 https://registry.npmjs.org/@babel%2fparser 211ms (cache miss)
326 silly packumentCache full:https://registry.npmjs.org/@babel%2fparser set size:undefined disposed:false
327 silly fetch manifest @types/babel__template@*
328 silly packumentCache full:https://registry.npmjs.org/@types%2fbabel__template cache-miss
329 http fetch GET 200 https://registry.npmjs.org/@babel%2fcode-frame 124ms (cache miss)
330 silly packumentCache full:https://registry.npmjs.org/@babel%2fcode-frame set size:undefined disposed:false
331 silly fetch manifest @types/babel__traverse@*
332 silly packumentCache full:https://registry.npmjs.org/@types%2fbabel__traverse cache-miss
333 http fetch GET 200 https://registry.npmjs.org/convert-source-map 137ms (cache miss)
334 silly packumentCache full:https://registry.npmjs.org/convert-source-map set size:undefined disposed:false
335 silly fetch manifest @types/babel__generator@*
336 silly packumentCache full:https://registry.npmjs.org/@types%2fbabel__generator cache-miss
337 http fetch GET 200 https://registry.npmjs.org/@jridgewell%2fremapping 136ms (cache miss)
338 silly packumentCache full:https://registry.npmjs.org/@jridgewell%2fremapping set size:undefined disposed:false
339 http fetch GET 200 https://registry.npmjs.org/@babel%2fhelper-module-transforms 133ms (cache miss)
340 silly packumentCache full:https://registry.npmjs.org/@babel%2fhelper-module-transforms set size:undefined disposed:false
341 http fetch GET 200 https://registry.npmjs.org/@babel%2fhelper-plugin-utils 123ms (cache miss)
342 silly packumentCache full:https://registry.npmjs.org/@babel%2fhelper-plugin-utils set size:undefined disposed:false
343 http fetch GET 200 https://registry.npmjs.org/@babel%2fhelper-compilation-targets 145ms (cache miss)
344 silly packumentCache full:https://registry.npmjs.org/@babel%2fhelper-compilation-targets set size:undefined disposed:false
345 http fetch GET 200 https://registry.npmjs.org/@babel%2fhelper-plugin-utils 149ms (cache miss)
346 silly packumentCache full:https://registry.npmjs.org/@babel%2fhelper-plugin-utils set size:undefined disposed:false
347 http fetch GET 200 https://registry.npmjs.org/@types%2fbabel__template 115ms (cache miss)
348 silly packumentCache full:https://registry.npmjs.org/@types%2fbabel__template set size:undefined disposed:false
349 http fetch GET 200 https://registry.npmjs.org/@babel%2fparser 159ms (cache miss)
350 silly packumentCache full:https://registry.npmjs.org/@babel%2fparser set size:undefined disposed:false
351 http fetch GET 200 https://registry.npmjs.org/@types%2fbabel__traverse 129ms (cache miss)
352 silly packumentCache full:https://registry.npmjs.org/@types%2fbabel__traverse set size:undefined disposed:false
353 http fetch GET 200 https://registry.npmjs.org/@types%2fbabel__generator 115ms (cache miss)
354 silly packumentCache full:https://registry.npmjs.org/@types%2fbabel__generator set size:undefined disposed:false
355 silly fetch manifest @babel/core@^7.0.0
356 silly packumentCache full:https://registry.npmjs.org/@babel%2fcore cache-miss
357 http fetch GET 200 https://registry.npmjs.org/@babel%2fcore 5ms (cache hit)
358 silly packumentCache full:https://registry.npmjs.org/@babel%2fcore set size:797193 disposed:false
359 silly placeDep ROOT @babel/code-frame@7.29.7 OK for: @babel/core@7.29.7 want: ^7.29.7
360 silly placeDep ROOT @babel/generator@7.29.8 OK for: @babel/core@7.29.7 want: ^7.29.7
361 silly placeDep ROOT @babel/helper-compilation-targets@7.29.7 OK for: @babel/core@7.29.7 want: ^7.29.7
362 silly placeDep ROOT @babel/helper-module-transforms@7.29.7 OK for: @babel/core@7.29.7 want: ^7.29.7
363 silly placeDep ROOT @babel/helpers@7.29.7 OK for: @babel/core@7.29.7 want: ^7.29.7
364 silly placeDep ROOT @babel/parser@7.29.9 OK for: @babel/core@7.29.7 want: ^7.29.7
365 silly placeDep ROOT @babel/template@7.29.7 OK for: @babel/core@7.29.7 want: ^7.29.7
366 silly placeDep ROOT @babel/traverse@7.29.8 OK for: @babel/core@7.29.7 want: ^7.29.7
367 silly placeDep ROOT @babel/types@7.29.8 OK for: @babel/core@7.29.7 want: ^7.29.7
368 silly placeDep ROOT @jridgewell/remapping@2.3.5 OK for: @babel/core@7.29.7 want: ^2.3.5
369 silly placeDep ROOT convert-source-map@2.0.0 OK for: @babel/core@7.29.7 want: ^2.0.0
370 silly placeDep ROOT debug@4.4.3 OK for: @babel/core@7.29.7 want: ^4.1.0
371 silly placeDep ROOT gensync@1.0.0-beta.2 OK for: @babel/core@7.29.7 want: ^1.0.0-beta.2
372 silly placeDep ROOT json5@2.2.3 OK for: @babel/core@7.29.7 want: ^2.2.3
373 silly placeDep ROOT semver@6.3.1 OK for: @babel/core@7.29.7 want: ^6.3.1
374 silly fetch manifest js-tokens@^4.0.0
375 silly packumentCache full:https://registry.npmjs.org/js-tokens cache-miss
376 silly fetch manifest picocolors@^1.1.1
377 silly packumentCache full:https://registry.npmjs.org/picocolors cache-miss
378 silly fetch manifest @babel/helper-validator-identifier@^7.29.7
379 silly packumentCache full:https://registry.npmjs.org/@babel%2fhelper-validator-identifier cache-miss
380 silly fetch manifest jsesc@^3.0.2
381 silly packumentCache full:https://registry.npmjs.org/jsesc cache-miss
382 silly fetch manifest @babel/types@^7.29.8
383 silly packumentCache full:https://registry.npmjs.org/@babel%2ftypes cache-hit
384 silly fetch manifest @babel/parser@^7.29.8
385 silly packumentCache full:https://registry.npmjs.org/@babel%2fparser cache-miss
386 silly fetch manifest @jridgewell/gen-mapping@^0.3.12
387 silly packumentCache full:https://registry.npmjs.org/@jridgewell%2fgen-mapping cache-miss
388 silly fetch manifest @jridgewell/trace-mapping@^0.3.28
389 silly packumentCache full:https://registry.npmjs.org/@jridgewell%2ftrace-mapping cache-miss
390 silly fetch manifest lru-cache@^5.1.1
391 silly packumentCache full:https://registry.npmjs.org/lru-cache cache-miss
392 silly fetch manifest browserslist@^4.24.0
393 silly packumentCache full:https://registry.npmjs.org/browserslist cache-miss
394 http fetch GET 200 https://registry.npmjs.org/@babel%2fparser 10ms (cache hit)
395 silly packumentCache full:https://registry.npmjs.org/@babel%2fparser set size:745724 disposed:false
396 silly fetch manifest @babel/compat-data@^7.29.7
397 silly packumentCache full:https://registry.npmjs.org/@babel%2fcompat-data cache-miss
398 http fetch GET 200 https://registry.npmjs.org/js-tokens 210ms (cache miss)
399 silly packumentCache full:https://registry.npmjs.org/js-tokens set size:undefined disposed:false
400 silly fetch manifest @babel/helper-validator-option@^7.29.7
401 silly packumentCache full:https://registry.npmjs.org/@babel%2fhelper-validator-option cache-miss
402 http fetch GET 200 https://registry.npmjs.org/@jridgewell%2fgen-mapping 210ms (cache miss)
403 silly packumentCache full:https://registry.npmjs.org/@jridgewell%2fgen-mapping set size:undefined disposed:false
404 silly fetch manifest @babel/helper-module-imports@^7.29.7
405 silly packumentCache full:https://registry.npmjs.org/@babel%2fhelper-module-imports cache-miss
406 http fetch GET 200 https://registry.npmjs.org/picocolors 214ms (cache miss)
407 silly packumentCache full:https://registry.npmjs.org/picocolors set size:undefined disposed:false
408 silly fetch manifest @babel/helper-validator-identifier@^7.29.7
409 silly packumentCache full:https://registry.npmjs.org/@babel%2fhelper-validator-identifier cache-miss
410 http fetch GET 200 https://registry.npmjs.org/jsesc 219ms (cache miss)
411 silly packumentCache full:https://registry.npmjs.org/jsesc set size:undefined disposed:false
412 silly fetch manifest debug@^4.3.1
413 silly packumentCache full:https://registry.npmjs.org/debug cache-hit
414 silly fetch manifest @babel/helper-globals@^7.29.7
415 silly packumentCache full:https://registry.npmjs.org/@babel%2fhelper-globals cache-miss
416 http fetch GET 200 https://registry.npmjs.org/@babel%2fhelper-validator-identifier 224ms (cache miss)
417 silly packumentCache full:https://registry.npmjs.org/@babel%2fhelper-validator-identifier set size:undefined disposed:false
418 silly fetch manifest @babel/helper-string-parser@^7.29.7
419 silly packumentCache full:https://registry.npmjs.org/@babel%2fhelper-string-parser cache-miss
420 http fetch GET 200 https://registry.npmjs.org/@jridgewell%2ftrace-mapping 227ms (cache miss)
421 silly packumentCache full:https://registry.npmjs.org/@jridgewell%2ftrace-mapping set size:undefined disposed:false
422 silly fetch manifest @jridgewell/gen-mapping@^0.3.5
423 silly packumentCache full:https://registry.npmjs.org/@jridgewell%2fgen-mapping cache-miss
424 http fetch GET 200 https://registry.npmjs.org/@babel%2fcompat-data 221ms (cache miss)
425 silly packumentCache full:https://registry.npmjs.org/@babel%2fcompat-data set size:undefined disposed:false
426 silly fetch manifest @jridgewell/trace-mapping@^0.3.24
427 silly packumentCache full:https://registry.npmjs.org/@jridgewell%2ftrace-mapping cache-miss
428 http fetch GET 200 https://registry.npmjs.org/lru-cache 237ms (cache miss)
429 silly packumentCache full:https://registry.npmjs.org/lru-cache set size:undefined disposed:false
430 silly fetch manifest ms@^2.1.3
431 silly packumentCache full:https://registry.npmjs.org/ms cache-miss
432 http fetch GET 200 https://registry.npmjs.org/@jridgewell%2fgen-mapping 15ms (cache hit)
433 silly packumentCache full:https://registry.npmjs.org/@jridgewell%2fgen-mapping set size:75941 disposed:false
434 http fetch GET 200 https://registry.npmjs.org/browserslist 245ms (cache miss)
435 silly packumentCache full:https://registry.npmjs.org/browserslist set size:undefined disposed:false
436 http fetch GET 200 https://registry.npmjs.org/@jridgewell%2ftrace-mapping 14ms (cache hit)
437 silly packumentCache full:https://registry.npmjs.org/@jridgewell%2ftrace-mapping set size:170909 disposed:false
438 http fetch GET 200 https://registry.npmjs.org/@babel%2fhelper-globals 118ms (cache miss)
439 silly packumentCache full:https://registry.npmjs.org/@babel%2fhelper-globals set size:undefined disposed:false
440 http fetch GET 200 https://registry.npmjs.org/@babel%2fhelper-validator-identifier 127ms (cache miss)
441 silly packumentCache full:https://registry.npmjs.org/@babel%2fhelper-validator-identifier set size:undefined disposed:false
442 http fetch GET 200 https://registry.npmjs.org/@babel%2fhelper-module-imports 134ms (cache miss)
443 silly packumentCache full:https://registry.npmjs.org/@babel%2fhelper-module-imports set size:undefined disposed:false
444 http fetch GET 200 https://registry.npmjs.org/@babel%2fhelper-validator-option 140ms (cache miss)
445 silly packumentCache full:https://registry.npmjs.org/@babel%2fhelper-validator-option set size:undefined disposed:false
446 http fetch GET 200 https://registry.npmjs.org/@babel%2fhelper-string-parser 127ms (cache miss)
447 silly packumentCache full:https://registry.npmjs.org/@babel%2fhelper-string-parser set size:undefined disposed:false
448 http fetch GET 200 https://registry.npmjs.org/ms 121ms (cache miss)
449 silly packumentCache full:https://registry.npmjs.org/ms set size:undefined disposed:false
450 silly placeDep ROOT @babel/helper-validator-identifier@7.29.7 OK for: @babel/code-frame@7.29.7 want: ^7.29.7
451 silly placeDep ROOT js-tokens@4.0.0 OK for: @babel/code-frame@7.29.7 want: ^4.0.0
452 silly placeDep ROOT picocolors@1.1.1 OK for: @babel/code-frame@7.29.7 want: ^1.1.1
453 silly placeDep ROOT @jridgewell/gen-mapping@0.3.13 OK for: @babel/generator@7.29.8 want: ^0.3.12
454 silly placeDep ROOT @jridgewell/trace-mapping@0.3.31 OK for: @babel/generator@7.29.8 want: ^0.3.28
455 silly placeDep ROOT jsesc@3.1.0 OK for: @babel/generator@7.29.8 want: ^3.0.2
456 silly fetch manifest @jridgewell/sourcemap-codec@^1.5.0
457 silly packumentCache full:https://registry.npmjs.org/@jridgewell%2fsourcemap-codec cache-miss
458 silly fetch manifest @jridgewell/resolve-uri@^3.1.0
459 silly packumentCache full:https://registry.npmjs.org/@jridgewell%2fresolve-uri cache-miss
460 silly fetch manifest @jridgewell/sourcemap-codec@^1.4.14
461 silly packumentCache full:https://registry.npmjs.org/@jridgewell%2fsourcemap-codec cache-miss
462 http fetch GET 200 https://registry.npmjs.org/@jridgewell%2fresolve-uri 128ms (cache miss)
463 silly packumentCache full:https://registry.npmjs.org/@jridgewell%2fresolve-uri set size:undefined disposed:false
464 http fetch GET 200 https://registry.npmjs.org/@jridgewell%2fsourcemap-codec 145ms (cache miss)
465 silly packumentCache full:https://registry.npmjs.org/@jridgewell%2fsourcemap-codec set size:undefined disposed:false
466 http fetch GET 200 https://registry.npmjs.org/@jridgewell%2fsourcemap-codec 166ms (cache miss)
467 silly packumentCache full:https://registry.npmjs.org/@jridgewell%2fsourcemap-codec set size:undefined disposed:false
468 silly placeDep ROOT @babel/compat-data@7.29.7 OK for: @babel/helper-compilation-targets@7.29.7 want: ^7.29.7
469 silly placeDep ROOT @babel/helper-validator-option@7.29.7 OK for: @babel/helper-compilation-targets@7.29.7 want: ^7.29.7
470 silly placeDep ROOT browserslist@4.29.0 OK for: @babel/helper-compilation-targets@7.29.7 want: ^4.24.0
471 silly placeDep ROOT lru-cache@5.1.1 OK for: @babel/helper-compilation-targets@7.29.7 want: ^5.1.1
472 silly fetch manifest caniuse-lite@^1.0.30001810
473 silly packumentCache full:https://registry.npmjs.org/caniuse-lite cache-miss
474 silly fetch manifest node-releases@^2.0.55
475 silly packumentCache full:https://registry.npmjs.org/node-releases cache-miss
476 silly fetch manifest electron-to-chromium@^1.5.427
477 silly packumentCache full:https://registry.npmjs.org/electron-to-chromium cache-miss
478 silly fetch manifest update-browserslist-db@^1.3.3
479 silly packumentCache full:https://registry.npmjs.org/update-browserslist-db cache-miss
480 silly fetch manifest baseline-browser-mapping@^2.11.23
481 silly packumentCache full:https://registry.npmjs.org/baseline-browser-mapping cache-miss
482 silly fetch manifest yallist@^3.0.2
483 silly packumentCache full:https://registry.npmjs.org/yallist cache-miss
484 http fetch GET 200 https://registry.npmjs.org/yallist 109ms (cache miss)
485 silly packumentCache full:https://registry.npmjs.org/yallist set size:undefined disposed:false
486 http fetch GET 200 https://registry.npmjs.org/update-browserslist-db 112ms (cache miss)
487 silly packumentCache full:https://registry.npmjs.org/update-browserslist-db set size:undefined disposed:false
488 http fetch GET 200 https://registry.npmjs.org/node-releases 123ms (cache miss)
489 silly packumentCache full:https://registry.npmjs.org/node-releases set size:undefined disposed:false
490 http fetch GET 200 https://registry.npmjs.org/baseline-browser-mapping 152ms (cache miss)
491 silly packumentCache full:https://registry.npmjs.org/baseline-browser-mapping set size:undefined disposed:false
492 http fetch GET 200 https://registry.npmjs.org/electron-to-chromium 244ms (cache miss)
493 silly packumentCache full:https://registry.npmjs.org/electron-to-chromium set size:undefined disposed:false
494 http fetch GET 200 https://registry.npmjs.org/caniuse-lite 269ms (cache miss)
495 silly packumentCache full:https://registry.npmjs.org/caniuse-lite set size:undefined disposed:false
496 silly placeDep ROOT @babel/helper-module-imports@7.29.7 OK for: @babel/helper-module-transforms@7.29.7 want: ^7.29.7
497 silly placeDep ROOT @babel/helper-plugin-utils@7.29.7 OK for: @babel/plugin-transform-react-jsx-self@7.29.7 want: ^7.29.7
498 silly placeDep ROOT @babel/helper-globals@7.29.7 OK for: @babel/traverse@7.29.8 want: ^7.29.7
499 silly placeDep ROOT @babel/helper-string-parser@7.29.7 OK for: @babel/types@7.29.8 want: ^7.29.7
500 silly placeDep ROOT @jridgewell/sourcemap-codec@1.6.0 OK for: @jridgewell/gen-mapping@0.3.13 want: ^1.5.0
501 silly placeDep ROOT @jridgewell/resolve-uri@3.1.2 OK for: @jridgewell/trace-mapping@0.3.31 want: ^3.1.0
502 silly placeDep ROOT @types/babel__generator@7.27.0 OK for: @types/babel__core@7.20.5 want: *
503 silly placeDep ROOT @types/babel__template@7.4.4 OK for: @types/babel__core@7.20.5 want: *
504 silly placeDep ROOT @types/babel__traverse@7.28.0 OK for: @types/babel__core@7.20.5 want: *
505 silly fetch manifest browserslist@>= 4.21.0
506 silly packumentCache full:https://registry.npmjs.org/browserslist cache-miss
507 http fetch GET 200 https://registry.npmjs.org/browserslist 5ms (cache hit)
508 silly packumentCache full:https://registry.npmjs.org/browserslist set size:523370 disposed:false
509 silly placeDep ROOT baseline-browser-mapping@2.11.25 OK for: browserslist@4.29.0 want: ^2.11.23
510 silly placeDep ROOT caniuse-lite@1.0.30001810 OK for: browserslist@4.29.0 want: ^1.0.30001810
511 silly placeDep ROOT electron-to-chromium@1.5.438 OK for: browserslist@4.29.0 want: ^1.5.427
512 silly placeDep ROOT node-releases@2.0.57 OK for: browserslist@4.29.0 want: ^2.0.55
513 silly placeDep ROOT update-browserslist-db@1.3.3 OK for: browserslist@4.29.0 want: ^1.3.3
514 silly fetch manifest escalade@^3.2.0
515 silly packumentCache full:https://registry.npmjs.org/escalade cache-miss
516 http fetch GET 200 https://registry.npmjs.org/escalade 131ms (cache miss)
517 silly packumentCache full:https://registry.npmjs.org/escalade set size:undefined disposed:false
518 silly placeDep ROOT ms@2.1.3 OK for: debug@4.4.3 want: ^2.1.3
519 silly placeDep ROOT yallist@3.1.1 OK for: lru-cache@5.1.1 want: ^3.0.2
520 silly placeDep ROOT loose-envify@1.4.0 OK for: react@18.3.1 want: ^1.1.0
521 silly placeDep ROOT scheduler@0.23.2 OK for: react-dom@18.3.1 want: ^0.23.2
522 silly placeDep ROOT escalade@3.2.0 OK for: update-browserslist-db@1.3.3 want: ^3.2.0
523 silly placeDep ROOT esbuild@0.21.5 OK for: vite@5.4.21 want: ^0.21.3
524 silly placeDep ROOT fsevents@2.3.3 OK for: vite@5.4.21 want: ~2.3.3
525 silly placeDep ROOT postcss@8.5.28 OK for: vite@5.4.21 want: ^8.4.43
526 silly placeDep ROOT rollup@4.63.4 OK for: vite@5.4.21 want: ^4.20.0
527 silly fetch manifest @esbuild/aix-ppc64@0.21.5
528 silly packumentCache full:https://registry.npmjs.org/@esbuild%2faix-ppc64 cache-miss
529 silly fetch manifest @esbuild/linux-arm@0.21.5
530 silly packumentCache full:https://registry.npmjs.org/@esbuild%2flinux-arm cache-miss
531 silly fetch manifest @esbuild/linux-x64@0.21.5
532 silly packumentCache full:https://registry.npmjs.org/@esbuild%2flinux-x64 cache-miss
533 silly fetch manifest @esbuild/sunos-x64@0.21.5
534 silly packumentCache full:https://registry.npmjs.org/@esbuild%2fsunos-x64 cache-miss
535 silly fetch manifest @esbuild/win32-x64@0.21.5
536 silly packumentCache full:https://registry.npmjs.org/@esbuild%2fwin32-x64 cache-miss
537 silly fetch manifest @esbuild/darwin-x64@0.21.5
538 silly packumentCache full:https://registry.npmjs.org/@esbuild%2fdarwin-x64 cache-miss
539 silly fetch manifest @esbuild/linux-ia32@0.21.5
540 silly packumentCache full:https://registry.npmjs.org/@esbuild%2flinux-ia32 cache-miss
541 silly fetch manifest @esbuild/netbsd-x64@0.21.5
542 silly packumentCache full:https://registry.npmjs.org/@esbuild%2fnetbsd-x64 cache-miss
543 silly fetch manifest @esbuild/win32-ia32@0.21.5
544 silly packumentCache full:https://registry.npmjs.org/@esbuild%2fwin32-ia32 cache-miss
545 http fetch GET 200 https://registry.npmjs.org/@esbuild%2faix-ppc64 134ms (cache miss)
546 silly packumentCache full:https://registry.npmjs.org/@esbuild%2faix-ppc64 set size:undefined disposed:false
547 silly fetch manifest @esbuild/android-arm@0.21.5
548 silly packumentCache full:https://registry.npmjs.org/@esbuild%2fandroid-arm cache-miss
549 http fetch GET 200 https://registry.npmjs.org/@esbuild%2fwin32-x64 144ms (cache miss)
550 silly packumentCache full:https://registry.npmjs.org/@esbuild%2fwin32-x64 set size:undefined disposed:false
551 silly fetch manifest @esbuild/android-x64@0.21.5
552 silly packumentCache full:https://registry.npmjs.org/@esbuild%2fandroid-x64 cache-miss
553 http fetch GET 200 https://registry.npmjs.org/@esbuild%2flinux-x64 149ms (cache miss)
554 silly packumentCache full:https://registry.npmjs.org/@esbuild%2flinux-x64 set size:undefined disposed:false
555 silly fetch manifest @esbuild/freebsd-x64@0.21.5
556 silly packumentCache full:https://registry.npmjs.org/@esbuild%2ffreebsd-x64 cache-miss
557 http fetch GET 200 https://registry.npmjs.org/@esbuild%2fwin32-ia32 149ms (cache miss)
558 silly packumentCache full:https://registry.npmjs.org/@esbuild%2fwin32-ia32 set size:undefined disposed:false
559 silly fetch manifest @esbuild/linux-arm64@0.21.5
560 silly packumentCache full:https://registry.npmjs.org/@esbuild%2flinux-arm64 cache-miss
561 http fetch GET 200 https://registry.npmjs.org/@esbuild%2fdarwin-x64 153ms (cache miss)
562 silly packumentCache full:https://registry.npmjs.org/@esbuild%2fdarwin-x64 set size:undefined disposed:false
563 silly fetch manifest @esbuild/linux-ppc64@0.21.5
564 silly packumentCache full:https://registry.npmjs.org/@esbuild%2flinux-ppc64 cache-miss
565 http fetch GET 200 https://registry.npmjs.org/@esbuild%2flinux-ia32 157ms (cache miss)
566 silly packumentCache full:https://registry.npmjs.org/@esbuild%2flinux-ia32 set size:undefined disposed:false
567 silly fetch manifest @esbuild/linux-s390x@0.21.5
568 silly packumentCache full:https://registry.npmjs.org/@esbuild%2flinux-s390x cache-miss
569 http fetch GET 200 https://registry.npmjs.org/@esbuild%2fnetbsd-x64 159ms (cache miss)
570 silly packumentCache full:https://registry.npmjs.org/@esbuild%2fnetbsd-x64 set size:undefined disposed:false
571 silly fetch manifest @esbuild/openbsd-x64@0.21.5
572 silly packumentCache full:https://registry.npmjs.org/@esbuild%2fopenbsd-x64 cache-miss
573 http fetch GET 200 https://registry.npmjs.org/@esbuild%2fsunos-x64 163ms (cache miss)
574 silly packumentCache full:https://registry.npmjs.org/@esbuild%2fsunos-x64 set size:undefined disposed:false
575 silly fetch manifest @esbuild/win32-arm64@0.21.5
576 silly packumentCache full:https://registry.npmjs.org/@esbuild%2fwin32-arm64 cache-miss
577 http fetch GET 200 https://registry.npmjs.org/@esbuild%2flinux-arm 203ms (cache miss)
578 silly packumentCache full:https://registry.npmjs.org/@esbuild%2flinux-arm set size:undefined disposed:false
579 silly fetch manifest @esbuild/darwin-arm64@0.21.5
580 silly packumentCache full:https://registry.npmjs.org/@esbuild%2fdarwin-arm64 cache-miss
581 http fetch GET 200 https://registry.npmjs.org/@esbuild%2fandroid-arm 161ms (cache miss)
582 silly packumentCache full:https://registry.npmjs.org/@esbuild%2fandroid-arm set size:undefined disposed:false
583 silly fetch manifest @esbuild/android-arm64@0.21.5
584 silly packumentCache full:https://registry.npmjs.org/@esbuild%2fandroid-arm64 cache-miss
585 http fetch GET 200 https://registry.npmjs.org/@esbuild%2ffreebsd-x64 149ms (cache miss)
586 silly packumentCache full:https://registry.npmjs.org/@esbuild%2ffreebsd-x64 set size:undefined disposed:false
587 silly fetch manifest @esbuild/freebsd-arm64@0.21.5
588 silly packumentCache full:https://registry.npmjs.org/@esbuild%2ffreebsd-arm64 cache-miss
589 http fetch GET 200 https://registry.npmjs.org/@esbuild%2fandroid-x64 156ms (cache miss)
590 silly packumentCache full:https://registry.npmjs.org/@esbuild%2fandroid-x64 set size:undefined disposed:false
591 silly fetch manifest @esbuild/linux-loong64@0.21.5
592 silly packumentCache full:https://registry.npmjs.org/@esbuild%2flinux-loong64 cache-miss
593 http fetch GET 200 https://registry.npmjs.org/@esbuild%2flinux-arm64 156ms (cache miss)
594 silly packumentCache full:https://registry.npmjs.org/@esbuild%2flinux-arm64 set size:undefined disposed:false
595 silly fetch manifest @esbuild/linux-riscv64@0.21.5
596 silly packumentCache full:https://registry.npmjs.org/@esbuild%2flinux-riscv64 cache-miss
597 http fetch GET 200 https://registry.npmjs.org/@esbuild%2fopenbsd-x64 152ms (cache miss)
598 silly packumentCache full:https://registry.npmjs.org/@esbuild%2fopenbsd-x64 set size:undefined disposed:false
599 silly fetch manifest @esbuild/linux-mips64el@0.21.5
600 silly packumentCache full:https://registry.npmjs.org/@esbuild%2flinux-mips64el cache-miss
601 http fetch GET 200 https://registry.npmjs.org/@esbuild%2flinux-s390x 162ms (cache miss)
602 silly packumentCache full:https://registry.npmjs.org/@esbuild%2flinux-s390x set size:undefined disposed:false
603 silly fetch manifest nanoid@^3.3.18
604 silly packumentCache full:https://registry.npmjs.org/nanoid cache-miss
605 http fetch GET 200 https://registry.npmjs.org/@esbuild%2fwin32-arm64 186ms (cache miss)
606 silly packumentCache full:https://registry.npmjs.org/@esbuild%2fwin32-arm64 set size:undefined disposed:false
607 silly fetch manifest source-map-js@^1.2.1
608 silly packumentCache full:https://registry.npmjs.org/source-map-js cache-miss
609 http fetch GET 200 https://registry.npmjs.org/@esbuild%2flinux-ppc64 204ms (cache miss)
610 silly packumentCache full:https://registry.npmjs.org/@esbuild%2flinux-ppc64 set size:undefined disposed:false
611 silly fetch manifest @types/estree@1.0.9
612 silly packumentCache full:https://registry.npmjs.org/@types%2festree cache-miss
613 http fetch GET 200 https://registry.npmjs.org/@esbuild%2fdarwin-arm64 177ms (cache miss)
614 silly packumentCache full:https://registry.npmjs.org/@esbuild%2fdarwin-arm64 set size:undefined disposed:false
615 silly fetch manifest @rollup/rollup-darwin-x64@4.63.4
616 silly packumentCache full:https://registry.npmjs.org/@rollup%2frollup-darwin-x64 cache-miss
617 http fetch GET 200 https://registry.npmjs.org/@esbuild%2ffreebsd-arm64 128ms (cache miss)
618 silly packumentCache full:https://registry.npmjs.org/@esbuild%2ffreebsd-arm64 set size:undefined disposed:false
619 silly fetch manifest @rollup/rollup-freebsd-x64@4.63.4
620 silly packumentCache full:https://registry.npmjs.org/@rollup%2frollup-freebsd-x64 cache-miss
621 http fetch GET 200 https://registry.npmjs.org/@esbuild%2fandroid-arm64 135ms (cache miss)
622 silly packumentCache full:https://registry.npmjs.org/@esbuild%2fandroid-arm64 set size:undefined disposed:false
623 silly fetch manifest @rollup/rollup-openbsd-x64@4.63.4
624 silly packumentCache full:https://registry.npmjs.org/@rollup%2frollup-openbsd-x64 cache-miss
625 http fetch GET 200 https://registry.npmjs.org/@esbuild%2flinux-loong64 143ms (cache miss)
626 silly packumentCache full:https://registry.npmjs.org/@esbuild%2flinux-loong64 set size:undefined disposed:false
627 silly fetch manifest @napi-rs/lzma-linux-x64-gnu@1.5.1
628 silly packumentCache full:https://registry.npmjs.org/@napi-rs%2flzma-linux-x64-gnu cache-miss
629 http fetch GET 200 https://registry.npmjs.org/@esbuild%2flinux-riscv64 141ms (cache miss)
630 silly packumentCache full:https://registry.npmjs.org/@esbuild%2flinux-riscv64 set size:undefined disposed:false
631 silly fetch manifest @rollup/rollup-darwin-arm64@4.63.4
632 silly packumentCache full:https://registry.npmjs.org/@rollup%2frollup-darwin-arm64 cache-miss
633 http fetch GET 200 https://registry.npmjs.org/nanoid 137ms (cache miss)
634 silly packumentCache full:https://registry.npmjs.org/nanoid set size:undefined disposed:false
635 silly fetch manifest @rollup/rollup-android-arm64@4.63.4
636 silly packumentCache full:https://registry.npmjs.org/@rollup%2frollup-android-arm64 cache-miss
637 http fetch GET 200 https://registry.npmjs.org/@esbuild%2flinux-mips64el 151ms (cache miss)
638 silly packumentCache full:https://registry.npmjs.org/@esbuild%2flinux-mips64el set size:undefined disposed:false
639 silly fetch manifest @rollup/rollup-freebsd-arm64@4.63.4
640 silly packumentCache full:https://registry.npmjs.org/@rollup%2frollup-freebsd-arm64 cache-miss
641 http fetch GET 200 https://registry.npmjs.org/source-map-js 117ms (cache miss)
642 silly packumentCache full:https://registry.npmjs.org/source-map-js set size:undefined disposed:false
643 silly fetch manifest @rollup/rollup-linux-x64-gnu@4.63.4
644 silly packumentCache full:https://registry.npmjs.org/@rollup%2frollup-linux-x64-gnu cache-miss
645 http fetch GET 200 https://registry.npmjs.org/@types%2festree 131ms (cache miss)
646 silly packumentCache full:https://registry.npmjs.org/@types%2festree set size:undefined disposed:false
647 silly fetch manifest @rollup/rollup-win32-x64-gnu@4.63.4
648 silly packumentCache full:https://registry.npmjs.org/@rollup%2frollup-win32-x64-gnu cache-miss
649 http fetch GET 200 https://registry.npmjs.org/@rollup%2frollup-darwin-x64 156ms (cache miss)
650 silly packumentCache full:https://registry.npmjs.org/@rollup%2frollup-darwin-x64 set size:undefined disposed:false
651 silly fetch manifest @rollup/rollup-linux-x64-musl@4.63.4
652 silly packumentCache full:https://registry.npmjs.org/@rollup%2frollup-linux-x64-musl cache-miss
653 http fetch GET 200 https://registry.npmjs.org/@rollup%2frollup-freebsd-x64 120ms (cache miss)
654 silly packumentCache full:https://registry.npmjs.org/@rollup%2frollup-freebsd-x64 set size:undefined disposed:false
655 silly fetch manifest @rollup/rollup-win32-x64-msvc@4.63.4
656 silly packumentCache full:https://registry.npmjs.org/@rollup%2frollup-win32-x64-msvc cache-miss
657 http fetch GET 200 https://registry.npmjs.org/@rollup%2frollup-openbsd-x64 121ms (cache miss)
658 silly packumentCache full:https://registry.npmjs.org/@rollup%2frollup-openbsd-x64 set size:undefined disposed:false
659 silly fetch manifest @rollup/rollup-linux-arm64-gnu@4.63.4
660 silly packumentCache full:https://registry.npmjs.org/@rollup%2frollup-linux-arm64-gnu cache-miss
661 http fetch GET 200 https://registry.npmjs.org/@napi-rs%2flzma-linux-x64-gnu 120ms (cache miss)
662 silly packumentCache full:https://registry.npmjs.org/@napi-rs%2flzma-linux-x64-gnu set size:undefined disposed:false
663 silly fetch manifest @rollup/rollup-linux-ppc64-gnu@4.63.4
664 silly packumentCache full:https://registry.npmjs.org/@rollup%2frollup-linux-ppc64-gnu cache-miss
665 http fetch GET 200 https://registry.npmjs.org/@rollup%2frollup-darwin-arm64 133ms (cache miss)
666 silly packumentCache full:https://registry.npmjs.org/@rollup%2frollup-darwin-arm64 set size:undefined disposed:false
667 silly fetch manifest @rollup/rollup-linux-s390x-gnu@4.63.4
668 silly packumentCache full:https://registry.npmjs.org/@rollup%2frollup-linux-s390x-gnu cache-miss
669 http fetch GET 200 https://registry.npmjs.org/@rollup%2frollup-android-arm64 134ms (cache miss)
670 silly packumentCache full:https://registry.npmjs.org/@rollup%2frollup-android-arm64 set size:undefined disposed:false
671 silly fetch manifest @rollup/rollup-win32-ia32-msvc@4.63.4
672 silly packumentCache full:https://registry.npmjs.org/@rollup%2frollup-win32-ia32-msvc cache-miss
673 http fetch GET 200 https://registry.npmjs.org/@rollup%2frollup-freebsd-arm64 139ms (cache miss)
674 silly packumentCache full:https://registry.npmjs.org/@rollup%2frollup-freebsd-arm64 set size:undefined disposed:false
675 silly fetch manifest @rollup/rollup-android-arm-eabi@4.63.4
676 silly packumentCache full:https://registry.npmjs.org/@rollup%2frollup-android-arm-eabi cache-miss
677 http fetch GET 200 https://registry.npmjs.org/@rollup%2frollup-win32-x64-gnu 124ms (cache miss)
678 silly packumentCache full:https://registry.npmjs.org/@rollup%2frollup-win32-x64-gnu set size:undefined disposed:false
679 silly fetch manifest @rollup/rollup-linux-arm64-musl@4.63.4
680 silly packumentCache full:https://registry.npmjs.org/@rollup%2frollup-linux-arm64-musl cache-miss
681 http fetch GET 200 https://registry.npmjs.org/@rollup%2frollup-linux-x64-gnu 155ms (cache miss)
682 silly packumentCache full:https://registry.npmjs.org/@rollup%2frollup-linux-x64-gnu set size:undefined disposed:false
683 silly fetch manifest @rollup/rollup-linux-ppc64-musl@4.63.4
684 silly packumentCache full:https://registry.npmjs.org/@rollup%2frollup-linux-ppc64-musl cache-miss
685 http fetch GET 200 https://registry.npmjs.org/@rollup%2frollup-linux-ppc64-gnu 114ms (cache miss)
686 silly packumentCache full:https://registry.npmjs.org/@rollup%2frollup-linux-ppc64-gnu set size:undefined disposed:false
687 silly fetch manifest @rollup/rollup-win32-arm64-msvc@4.63.4
688 silly packumentCache full:https://registry.npmjs.org/@rollup%2frollup-win32-arm64-msvc cache-miss
689 http fetch GET 200 https://registry.npmjs.org/@rollup%2frollup-win32-x64-msvc 136ms (cache miss)
690 silly packumentCache full:https://registry.npmjs.org/@rollup%2frollup-win32-x64-msvc set size:undefined disposed:false
691 silly fetch manifest @rollup/rollup-linux-loong64-gnu@4.63.4
692 silly packumentCache full:https://registry.npmjs.org/@rollup%2frollup-linux-loong64-gnu cache-miss
693 http fetch GET 200 https://registry.npmjs.org/@rollup%2frollup-linux-arm64-gnu 137ms (cache miss)
694 silly packumentCache full:https://registry.npmjs.org/@rollup%2frollup-linux-arm64-gnu set size:undefined disposed:false
695 silly fetch manifest @rollup/rollup-linux-riscv64-gnu@4.63.4
696 silly packumentCache full:https://registry.npmjs.org/@rollup%2frollup-linux-riscv64-gnu cache-miss
697 http fetch GET 200 https://registry.npmjs.org/@rollup%2frollup-linux-x64-musl 181ms (cache miss)
698 silly packumentCache full:https://registry.npmjs.org/@rollup%2frollup-linux-x64-musl set size:undefined disposed:false
699 silly fetch manifest @rollup/rollup-openharmony-arm64@4.63.4
700 silly packumentCache full:https://registry.npmjs.org/@rollup%2frollup-openharmony-arm64 cache-miss
701 http fetch GET 200 https://registry.npmjs.org/@rollup%2frollup-linux-s390x-gnu 146ms (cache miss)
702 silly packumentCache full:https://registry.npmjs.org/@rollup%2frollup-linux-s390x-gnu set size:undefined disposed:false
703 silly fetch manifest @rollup/rollup-linux-loong64-musl@4.63.4
704 silly packumentCache full:https://registry.npmjs.org/@rollup%2frollup-linux-loong64-musl cache-miss
705 http fetch GET 200 https://registry.npmjs.org/@rollup%2frollup-win32-ia32-msvc 147ms (cache miss)
706 silly packumentCache full:https://registry.npmjs.org/@rollup%2frollup-win32-ia32-msvc set size:undefined disposed:false
707 silly fetch manifest @rollup/rollup-linux-riscv64-musl@4.63.4
708 silly packumentCache full:https://registry.npmjs.org/@rollup%2frollup-linux-riscv64-musl cache-miss
709 http fetch GET 200 https://registry.npmjs.org/@rollup%2frollup-android-arm-eabi 142ms (cache miss)
710 silly packumentCache full:https://registry.npmjs.org/@rollup%2frollup-android-arm-eabi set size:undefined disposed:false
711 silly fetch manifest @rollup/rollup-linux-arm-gnueabihf@4.63.4
712 silly packumentCache full:https://registry.npmjs.org/@rollup%2frollup-linux-arm-gnueabihf cache-miss
713 http fetch GET 200 https://registry.npmjs.org/@rollup%2frollup-linux-arm64-musl 144ms (cache miss)
714 silly packumentCache full:https://registry.npmjs.org/@rollup%2frollup-linux-arm64-musl set size:undefined disposed:false
715 silly fetch manifest @rollup/rollup-linux-arm-musleabihf@4.63.4
716 silly packumentCache full:https://registry.npmjs.org/@rollup%2frollup-linux-arm-musleabihf cache-miss
717 http fetch GET 200 https://registry.npmjs.org/@rollup%2frollup-linux-ppc64-musl 141ms (cache miss)
718 silly packumentCache full:https://registry.npmjs.org/@rollup%2frollup-linux-ppc64-musl set size:undefined disposed:false
719 http fetch GET 200 https://registry.npmjs.org/@rollup%2frollup-linux-loong64-gnu 119ms (cache miss)
720 silly packumentCache full:https://registry.npmjs.org/@rollup%2frollup-linux-loong64-gnu set size:undefined disposed:false
721 http fetch GET 200 https://registry.npmjs.org/@rollup%2frollup-linux-riscv64-gnu 127ms (cache miss)
722 silly packumentCache full:https://registry.npmjs.org/@rollup%2frollup-linux-riscv64-gnu set size:undefined disposed:false
723 http fetch GET 200 https://registry.npmjs.org/@rollup%2frollup-win32-arm64-msvc 157ms (cache miss)
724 silly packumentCache full:https://registry.npmjs.org/@rollup%2frollup-win32-arm64-msvc set size:undefined disposed:false
725 http fetch GET 200 https://registry.npmjs.org/@rollup%2frollup-openharmony-arm64 136ms (cache miss)
726 silly packumentCache full:https://registry.npmjs.org/@rollup%2frollup-openharmony-arm64 set size:undefined disposed:false
727 http fetch GET 200 https://registry.npmjs.org/@rollup%2frollup-linux-loong64-musl 131ms (cache miss)
728 silly packumentCache full:https://registry.npmjs.org/@rollup%2frollup-linux-loong64-musl set size:undefined disposed:false
729 http fetch GET 200 https://registry.npmjs.org/@rollup%2frollup-linux-riscv64-musl 131ms (cache miss)
730 silly packumentCache full:https://registry.npmjs.org/@rollup%2frollup-linux-riscv64-musl set size:undefined disposed:false
731 http fetch GET 200 https://registry.npmjs.org/@rollup%2frollup-linux-arm-gnueabihf 134ms (cache miss)
732 silly packumentCache full:https://registry.npmjs.org/@rollup%2frollup-linux-arm-gnueabihf set size:undefined disposed:false
733 http fetch GET 200 https://registry.npmjs.org/@rollup%2frollup-linux-arm-musleabihf 141ms (cache miss)
734 silly packumentCache full:https://registry.npmjs.org/@rollup%2frollup-linux-arm-musleabihf set size:undefined disposed:false
735 silly placeDep ROOT @esbuild/aix-ppc64@0.21.5 OK for: esbuild@0.21.5 want: 0.21.5
736 silly placeDep ROOT @esbuild/android-arm@0.21.5 OK for: esbuild@0.21.5 want: 0.21.5
737 silly placeDep ROOT @esbuild/android-arm64@0.21.5 OK for: esbuild@0.21.5 want: 0.21.5
738 silly placeDep ROOT @esbuild/android-x64@0.21.5 OK for: esbuild@0.21.5 want: 0.21.5
739 silly placeDep ROOT @esbuild/darwin-arm64@0.21.5 OK for: esbuild@0.21.5 want: 0.21.5
740 silly placeDep ROOT @esbuild/darwin-x64@0.21.5 OK for: esbuild@0.21.5 want: 0.21.5
741 silly placeDep ROOT @esbuild/freebsd-arm64@0.21.5 OK for: esbuild@0.21.5 want: 0.21.5
742 silly placeDep ROOT @esbuild/freebsd-x64@0.21.5 OK for: esbuild@0.21.5 want: 0.21.5
743 silly placeDep ROOT @esbuild/linux-arm@0.21.5 OK for: esbuild@0.21.5 want: 0.21.5
744 silly placeDep ROOT @esbuild/linux-arm64@0.21.5 OK for: esbuild@0.21.5 want: 0.21.5
745 silly placeDep ROOT @esbuild/linux-ia32@0.21.5 OK for: esbuild@0.21.5 want: 0.21.5
746 silly placeDep ROOT @esbuild/linux-loong64@0.21.5 OK for: esbuild@0.21.5 want: 0.21.5
747 silly placeDep ROOT @esbuild/linux-mips64el@0.21.5 OK for: esbuild@0.21.5 want: 0.21.5
748 silly placeDep ROOT @esbuild/linux-ppc64@0.21.5 OK for: esbuild@0.21.5 want: 0.21.5
749 silly placeDep ROOT @esbuild/linux-riscv64@0.21.5 OK for: esbuild@0.21.5 want: 0.21.5
750 silly placeDep ROOT @esbuild/linux-s390x@0.21.5 OK for: esbuild@0.21.5 want: 0.21.5
751 silly placeDep ROOT @esbuild/linux-x64@0.21.5 OK for: esbuild@0.21.5 want: 0.21.5
752 silly placeDep ROOT @esbuild/netbsd-x64@0.21.5 OK for: esbuild@0.21.5 want: 0.21.5
753 silly placeDep ROOT @esbuild/openbsd-x64@0.21.5 OK for: esbuild@0.21.5 want: 0.21.5
754 silly placeDep ROOT @esbuild/sunos-x64@0.21.5 OK for: esbuild@0.21.5 want: 0.21.5
755 silly placeDep ROOT @esbuild/win32-arm64@0.21.5 OK for: esbuild@0.21.5 want: 0.21.5
756 silly placeDep ROOT @esbuild/win32-ia32@0.21.5 OK for: esbuild@0.21.5 want: 0.21.5
757 silly placeDep ROOT @esbuild/win32-x64@0.21.5 OK for: esbuild@0.21.5 want: 0.21.5
758 silly placeDep ROOT nanoid@3.3.19 OK for: postcss@8.5.28 want: ^3.3.18
759 silly placeDep ROOT source-map-js@1.2.1 OK for: postcss@8.5.28 want: ^1.2.1
760 silly placeDep ROOT @napi-rs/lzma-linux-x64-gnu@1.5.1 OK for: rollup@4.63.4 want: 1.5.1
761 silly placeDep ROOT @rollup/rollup-android-arm-eabi@4.63.4 OK for: rollup@4.63.4 want: 4.63.4
762 silly placeDep ROOT @rollup/rollup-android-arm64@4.63.4 OK for: rollup@4.63.4 want: 4.63.4
763 silly placeDep ROOT @rollup/rollup-darwin-arm64@4.63.4 OK for: rollup@4.63.4 want: 4.63.4
764 silly placeDep ROOT @rollup/rollup-darwin-x64@4.63.4 OK for: rollup@4.63.4 want: 4.63.4
765 silly placeDep ROOT @rollup/rollup-freebsd-arm64@4.63.4 OK for: rollup@4.63.4 want: 4.63.4
766 silly placeDep ROOT @rollup/rollup-freebsd-x64@4.63.4 OK for: rollup@4.63.4 want: 4.63.4
767 silly placeDep ROOT @rollup/rollup-linux-arm-gnueabihf@4.63.4 OK for: rollup@4.63.4 want: 4.63.4
768 silly placeDep ROOT @rollup/rollup-linux-arm-musleabihf@4.63.4 OK for: rollup@4.63.4 want: 4.63.4
769 silly placeDep ROOT @rollup/rollup-linux-arm64-gnu@4.63.4 OK for: rollup@4.63.4 want: 4.63.4
770 silly placeDep ROOT @rollup/rollup-linux-arm64-musl@4.63.4 OK for: rollup@4.63.4 want: 4.63.4
771 silly placeDep ROOT @rollup/rollup-linux-loong64-gnu@4.63.4 OK for: rollup@4.63.4 want: 4.63.4
772 silly placeDep ROOT @rollup/rollup-linux-loong64-musl@4.63.4 OK for: rollup@4.63.4 want: 4.63.4
773 silly placeDep ROOT @rollup/rollup-linux-ppc64-gnu@4.63.4 OK for: rollup@4.63.4 want: 4.63.4
774 silly placeDep ROOT @rollup/rollup-linux-ppc64-musl@4.63.4 OK for: rollup@4.63.4 want: 4.63.4
775 silly placeDep ROOT @rollup/rollup-linux-riscv64-gnu@4.63.4 OK for: rollup@4.63.4 want: 4.63.4
776 silly placeDep ROOT @rollup/rollup-linux-riscv64-musl@4.63.4 OK for: rollup@4.63.4 want: 4.63.4
777 silly placeDep ROOT @rollup/rollup-linux-s390x-gnu@4.63.4 OK for: rollup@4.63.4 want: 4.63.4
778 silly placeDep ROOT @rollup/rollup-linux-x64-gnu@4.63.4 OK for: rollup@4.63.4 want: 4.63.4
779 silly placeDep ROOT @rollup/rollup-linux-x64-musl@4.63.4 OK for: rollup@4.63.4 want: 4.63.4
780 silly placeDep ROOT @rollup/rollup-openbsd-x64@4.63.4 OK for: rollup@4.63.4 want: 4.63.4
781 silly placeDep ROOT @rollup/rollup-openharmony-arm64@4.63.4 OK for: rollup@4.63.4 want: 4.63.4
782 silly placeDep ROOT @rollup/rollup-win32-arm64-msvc@4.63.4 OK for: rollup@4.63.4 want: 4.63.4
783 silly placeDep ROOT @rollup/rollup-win32-ia32-msvc@4.63.4 OK for: rollup@4.63.4 want: 4.63.4
784 silly placeDep ROOT @rollup/rollup-win32-x64-gnu@4.63.4 OK for: rollup@4.63.4 want: 4.63.4
785 silly placeDep ROOT @rollup/rollup-win32-x64-msvc@4.63.4 OK for: rollup@4.63.4 want: 4.63.4
786 silly placeDep ROOT @types/estree@1.0.9 OK for: rollup@4.63.4 want: 1.0.9
787 silly fetch manifest msw@^2.4.9
788 silly packumentCache full:https://registry.npmjs.org/msw cache-miss
789 http fetch GET 200 https://registry.npmjs.org/msw 179ms (cache miss)
790 silly packumentCache full:https://registry.npmjs.org/msw set size:undefined disposed:false
791 silly fetch manifest typescript@>= 4.8.x
792 silly packumentCache full:https://registry.npmjs.org/typescript cache-miss
793 http fetch GET 200 https://registry.npmjs.org/typescript 25ms (cache hit)
794 silly packumentCache full:https://registry.npmjs.org/typescript set size:15710704 disposed:false
795 silly fetch manifest vite@^5.0.0
796 silly packumentCache full:https://registry.npmjs.org/vite cache-miss
797 http fetch GET 200 https://registry.npmjs.org/vite 65ms (cache hit)
798 silly packumentCache full:https://registry.npmjs.org/vite set size:38945461 disposed:false
799 silly placeDep ROOT @vitest/expect@2.1.9 OK for: vitest@2.1.9 want: 2.1.9
800 silly placeDep ROOT @vitest/mocker@2.1.9 OK for: vitest@2.1.9 want: 2.1.9
801 silly placeDep ROOT @vitest/pretty-format@2.1.9 OK for: vitest@2.1.9 want: ^2.1.9
802 silly placeDep ROOT @vitest/runner@2.1.9 OK for: vitest@2.1.9 want: 2.1.9
803 silly placeDep ROOT @vitest/snapshot@2.1.9 OK for: vitest@2.1.9 want: 2.1.9
804 silly placeDep ROOT @vitest/spy@2.1.9 OK for: vitest@2.1.9 want: 2.1.9
805 silly placeDep ROOT @vitest/utils@2.1.9 OK for: vitest@2.1.9 want: 2.1.9
806 silly placeDep ROOT chai@5.3.3 OK for: vitest@2.1.9 want: ^5.1.2
807 silly placeDep ROOT expect-type@1.4.0 OK for: vitest@2.1.9 want: ^1.1.0
808 silly placeDep ROOT magic-string@0.30.21 OK for: vitest@2.1.9 want: ^0.30.12
809 silly placeDep ROOT pathe@1.1.2 OK for: vitest@2.1.9 want: ^1.1.2
810 silly placeDep ROOT std-env@3.10.0 OK for: vitest@2.1.9 want: ^3.8.0
811 silly placeDep ROOT tinybench@2.9.0 OK for: vitest@2.1.9 want: ^2.9.0
812 silly placeDep ROOT tinyexec@0.3.2 OK for: vitest@2.1.9 want: ^0.3.1
813 silly placeDep ROOT tinypool@1.1.1 OK for: vitest@2.1.9 want: ^1.0.1
814 silly placeDep ROOT tinyrainbow@1.2.0 OK for: vitest@2.1.9 want: ^1.2.0
815 silly placeDep ROOT vite-node@2.1.9 OK for: vitest@2.1.9 want: 2.1.9
816 silly placeDep ROOT why-is-node-running@2.3.0 OK for: vitest@2.1.9 want: ^2.3.0
817 silly fetch manifest estree-walker@^3.0.3
818 silly packumentCache full:https://registry.npmjs.org/estree-walker cache-miss
819 silly fetch manifest tinyspy@^3.0.2
820 silly packumentCache full:https://registry.npmjs.org/tinyspy cache-miss
821 silly fetch manifest loupe@^3.1.2
822 silly packumentCache full:https://registry.npmjs.org/loupe cache-miss
823 silly fetch manifest loupe@^3.1.0
824 silly packumentCache full:https://registry.npmjs.org/loupe cache-miss
825 silly fetch manifest pathval@^2.0.0
826 silly packumentCache full:https://registry.npmjs.org/pathval cache-miss
827 silly fetch manifest deep-eql@^5.0.1
828 silly packumentCache full:https://registry.npmjs.org/deep-eql cache-miss
829 silly fetch manifest check-error@^2.1.1
830 silly packumentCache full:https://registry.npmjs.org/check-error cache-miss
831 silly fetch manifest assertion-error@^2.0.1
832 silly packumentCache full:https://registry.npmjs.org/assertion-error cache-miss
833 silly fetch manifest cac@^6.7.14
834 silly packumentCache full:https://registry.npmjs.org/cac cache-miss
835 http fetch GET 200 https://registry.npmjs.org/check-error 114ms (cache miss)
836 silly packumentCache full:https://registry.npmjs.org/check-error set size:undefined disposed:false
837 silly fetch manifest es-module-lexer@^1.5.4
838 silly packumentCache full:https://registry.npmjs.org/es-module-lexer cache-miss
839 http fetch GET 200 https://registry.npmjs.org/estree-walker 121ms (cache miss)
840 silly packumentCache full:https://registry.npmjs.org/estree-walker set size:undefined disposed:false
841 silly fetch manifest siginfo@^2.0.0
842 silly packumentCache full:https://registry.npmjs.org/siginfo cache-miss
843 http fetch GET 200 https://registry.npmjs.org/loupe 122ms (cache miss)
844 silly packumentCache full:https://registry.npmjs.org/loupe set size:undefined disposed:false
845 silly fetch manifest stackback@0.0.2
846 silly packumentCache full:https://registry.npmjs.org/stackback cache-miss
847 http fetch GET 200 https://registry.npmjs.org/tinyspy 127ms (cache miss)
848 silly packumentCache full:https://registry.npmjs.org/tinyspy set size:undefined disposed:false
849 http fetch GET 200 https://registry.npmjs.org/pathval 137ms (cache miss)
850 silly packumentCache full:https://registry.npmjs.org/pathval set size:undefined disposed:false
851 http fetch GET 200 https://registry.npmjs.org/loupe 138ms (cache miss)
852 silly packumentCache full:https://registry.npmjs.org/loupe set size:undefined disposed:false
853 http fetch GET 200 https://registry.npmjs.org/assertion-error 139ms (cache miss)
854 silly packumentCache full:https://registry.npmjs.org/assertion-error set size:undefined disposed:false
855 http fetch GET 200 https://registry.npmjs.org/deep-eql 141ms (cache miss)
856 silly packumentCache full:https://registry.npmjs.org/deep-eql set size:undefined disposed:false
857 http fetch GET 200 https://registry.npmjs.org/cac 146ms (cache miss)
858 silly packumentCache full:https://registry.npmjs.org/cac set size:undefined disposed:false
859 http fetch GET 200 https://registry.npmjs.org/siginfo 104ms (cache miss)
860 silly packumentCache full:https://registry.npmjs.org/siginfo set size:undefined disposed:false
861 http fetch GET 200 https://registry.npmjs.org/stackback 107ms (cache miss)
862 silly packumentCache full:https://registry.npmjs.org/stackback set size:undefined disposed:false
863 http fetch GET 200 https://registry.npmjs.org/es-module-lexer 127ms (cache miss)
864 silly packumentCache full:https://registry.npmjs.org/es-module-lexer set size:undefined disposed:false
865 silly placeDep ROOT estree-walker@3.0.3 OK for: @vitest/mocker@2.1.9 want: ^3.0.3
866 silly placeDep ROOT tinyspy@3.0.2 OK for: @vitest/spy@2.1.9 want: ^3.0.2
867 silly placeDep ROOT loupe@3.2.1 OK for: @vitest/utils@2.1.9 want: ^3.1.2
868 silly placeDep ROOT assertion-error@2.0.1 OK for: chai@5.3.3 want: ^2.0.1
869 silly placeDep ROOT check-error@2.1.3 OK for: chai@5.3.3 want: ^2.1.1
870 silly placeDep ROOT deep-eql@5.0.2 OK for: chai@5.3.3 want: ^5.0.1
871 silly placeDep ROOT pathval@2.0.1 OK for: chai@5.3.3 want: ^2.0.0
872 silly placeDep ROOT cac@6.7.14 OK for: vite-node@2.1.9 want: ^6.7.14
873 silly placeDep ROOT es-module-lexer@1.7.0 OK for: vite-node@2.1.9 want: ^1.5.4
874 silly placeDep ROOT siginfo@2.0.0 OK for: why-is-node-running@2.3.0 want: ^2.0.0
875 silly placeDep ROOT stackback@0.0.2 OK for: why-is-node-running@2.3.0 want: 0.0.2
876 silly reify moves {}
877 silly audit bulk request {
877 silly audit   '@types/react': [ '18.3.31' ],
877 silly audit   '@types/react-dom': [ '18.3.7' ],
877 silly audit   '@vitejs/plugin-react': [ '4.7.0' ],
877 silly audit   vite: [ '5.4.21' ],
877 silly audit   react: [ '18.3.1' ],
877 silly audit   'react-dom': [ '18.3.1' ],
877 silly audit   typescript: [ '5.9.3' ],
877 silly audit   vitest: [ '2.1.9' ],
877 silly audit   '@types/prop-types': [ '15.7.15' ],
877 silly audit   csstype: [ '3.2.3' ],
877 silly audit   '@babel/core': [ '7.29.7' ],
877 silly audit   '@babel/plugin-transform-react-jsx-self': [ '7.29.7' ],
877 silly audit   '@babel/plugin-transform-react-jsx-source': [ '7.29.7' ],
877 silly audit   '@rolldown/pluginutils': [ '1.0.0-beta.27' ],
877 silly audit   '@types/babel__core': [ '7.20.5' ],
877 silly audit   'react-refresh': [ '0.17.0' ],
877 silly audit   '@babel/code-frame': [ '7.29.7' ],
877 silly audit   '@babel/generator': [ '7.29.8' ],
877 silly audit   '@babel/helper-compilation-targets': [ '7.29.7' ],
877 silly audit   '@babel/helper-module-transforms': [ '7.29.7' ],
877 silly audit   '@babel/helpers': [ '7.29.7' ],
877 silly audit   '@babel/parser': [ '7.29.9' ],
877 silly audit   '@babel/template': [ '7.29.7' ],
877 silly audit   '@babel/traverse': [ '7.29.8' ],
877 silly audit   '@babel/types': [ '7.29.8' ],
877 silly audit   '@jridgewell/remapping': [ '2.3.5' ],
877 silly audit   'convert-source-map': [ '2.0.0' ],
877 silly audit   debug: [ '4.4.3' ],
877 silly audit   gensync: [ '1.0.0-beta.2' ],
877 silly audit   json5: [ '2.2.3' ],
877 silly audit   semver: [ '6.3.1' ],
877 silly audit   '@babel/helper-validator-identifier': [ '7.29.7' ],
877 silly audit   'js-tokens': [ '4.0.0' ],
877 silly audit   picocolors: [ '1.1.1' ],
877 silly audit   '@jridgewell/gen-mapping': [ '0.3.13' ],
877 silly audit   '@jridgewell/trace-mapping': [ '0.3.31' ],
877 silly audit   jsesc: [ '3.1.0' ],
877 silly audit   '@babel/compat-data': [ '7.29.7' ],
877 silly audit   '@babel/helper-validator-option': [ '7.29.7' ],
877 silly audit   browserslist: [ '4.29.0' ],
877 silly audit   'lru-cache': [ '5.1.1' ],
877 silly audit   '@babel/helper-module-imports': [ '7.29.7' ],
877 silly audit   '@babel/helper-plugin-utils': [ '7.29.7' ],
877 silly audit   '@babel/helper-globals': [ '7.29.7' ],
877 silly audit   '@babel/helper-string-parser': [ '7.29.7' ],
877 silly audit   '@jridgewell/sourcemap-codec': [ '1.6.0' ],
877 silly audit   '@jridgewell/resolve-uri': [ '3.1.2' ],
877 silly audit   '@types/babel__generator': [ '7.27.0' ],
877 silly audit   '@types/babel__template': [ '7.4.4' ],
877 silly audit   '@types/babel__traverse': [ '7.28.0' ],
877 silly audit   'baseline-browser-mapping': [ '2.11.25' ],
877 silly audit   'caniuse-lite': [ '1.0.30001810' ],
877 silly audit   'electron-to-chromium': [ '1.5.438' ],
877 silly audit   'node-releases': [ '2.0.57' ],
877 silly audit   'update-browserslist-db': [ '1.3.3' ],
877 silly audit   ms: [ '2.1.3' ],
877 silly audit   yallist: [ '3.1.1' ],
877 silly audit   'loose-envify': [ '1.4.0' ],
877 silly audit   scheduler: [ '0.23.2' ],
877 silly audit   escalade: [ '3.2.0' ],
877 silly audit   esbuild: [ '0.21.5' ],
877 silly audit   fsevents: [ '2.3.3' ],
877 silly audit   postcss: [ '8.5.28' ],
877 silly audit   rollup: [ '4.63.4' ],
877 silly audit   '@esbuild/aix-ppc64': [ '0.21.5' ],
877 silly audit   '@esbuild/android-arm': [ '0.21.5' ],
877 silly audit   '@esbuild/android-arm64': [ '0.21.5' ],
877 silly audit   '@esbuild/android-x64': [ '0.21.5' ],
877 silly audit   '@esbuild/darwin-arm64': [ '0.21.5' ],
877 silly audit   '@esbuild/darwin-x64': [ '0.21.5' ],
877 silly audit   '@esbuild/freebsd-arm64': [ '0.21.5' ],
877 silly audit   '@esbuild/freebsd-x64': [ '0.21.5' ],
877 silly audit   '@esbuild/linux-arm': [ '0.21.5' ],
877 silly audit   '@esbuild/linux-arm64': [ '0.21.5' ],
877 silly audit   '@esbuild/linux-ia32': [ '0.21.5' ],
877 silly audit   '@esbuild/linux-loong64': [ '0.21.5' ],
877 silly audit   '@esbuild/linux-mips64el': [ '0.21.5' ],
877 silly audit   '@esbuild/linux-ppc64': [ '0.21.5' ],
877 silly audit   '@esbuild/linux-riscv64': [ '0.21.5' ],
877 silly audit   '@esbuild/linux-s390x': [ '0.21.5' ],
877 silly audit   '@esbuild/linux-x64': [ '0.21.5' ],
877 silly audit   '@esbuild/netbsd-x64': [ '0.21.5' ],
877 silly audit   '@esbuild/openbsd-x64': [ '0.21.5' ],
877 silly audit   '@esbuild/sunos-x64': [ '0.21.5' ],
877 silly audit   '@esbuild/win32-arm64': [ '0.21.5' ],
877 silly audit   '@esbuild/win32-ia32': [ '0.21.5' ],
877 silly audit   '@esbuild/win32-x64': [ '0.21.5' ],
877 silly audit   nanoid: [ '3.3.19' ],
877 silly audit   'source-map-js': [ '1.2.1' ],
877 silly audit   '@napi-rs/lzma-linux-x64-gnu': [ '1.5.1' ],
877 silly audit   '@rollup/rollup-android-arm-eabi': [ '4.63.4' ],
877 silly audit   '@rollup/rollup-android-arm64': [ '4.63.4' ],
877 silly audit   '@rollup/rollup-darwin-arm64': [ '4.63.4' ],
877 silly audit   '@rollup/rollup-darwin-x64': [ '4.63.4' ],
877 silly audit   '@rollup/rollup-freebsd-arm64': [ '4.63.4' ],
877 silly audit   '@rollup/rollup-freebsd-x64': [ '4.63.4' ],
877 silly audit   '@rollup/rollup-linux-arm-gnueabihf': [ '4.63.4' ],
877 silly audit   '@rollup/rollup-linux-arm-musleabihf': [ '4.63.4' ],
877 silly audit   '@rollup/rollup-linux-arm64-gnu': [ '4.63.4' ],
877 silly audit   '@rollup/rollup-linux-arm64-musl': [ '4.63.4' ],
877 silly audit   '@rollup/rollup-linux-loong64-gnu': [ '4.63.4' ],
877 silly audit   '@rollup/rollup-linux-loong64-musl': [ '4.63.4' ],
877 silly audit   '@rollup/rollup-linux-ppc64-gnu': [ '4.63.4' ],
877 silly audit   '@rollup/rollup-linux-ppc64-musl': [ '4.63.4' ],
877 silly audit   '@rollup/rollup-linux-riscv64-gnu': [ '4.63.4' ],
877 silly audit   '@rollup/rollup-linux-riscv64-musl': [ '4.63.4' ],
877 silly audit   '@rollup/rollup-linux-s390x-gnu': [ '4.63.4' ],
877 silly audit   '@rollup/rollup-linux-x64-gnu': [ '4.63.4' ],
877 silly audit   '@rollup/rollup-linux-x64-musl': [ '4.63.4' ],
877 silly audit   '@rollup/rollup-openbsd-x64': [ '4.63.4' ],
877 silly audit   '@rollup/rollup-openharmony-arm64': [ '4.63.4' ],
877 silly audit   '@rollup/rollup-win32-arm64-msvc': [ '4.63.4' ],
877 silly audit   '@rollup/rollup-win32-ia32-msvc': [ '4.63.4' ],
877 silly audit   '@rollup/rollup-win32-x64-gnu': [ '4.63.4' ],
877 silly audit   '@rollup/rollup-win32-x64-msvc': [ '4.63.4' ],
877 silly audit   '@types/estree': [ '1.0.9' ],
877 silly audit   '@vitest/expect': [ '2.1.9' ],
877 silly audit   '@vitest/mocker': [ '2.1.9' ],
877 silly audit   '@vitest/pretty-format': [ '2.1.9' ],
877 silly audit   '@vitest/runner': [ '2.1.9' ],
877 silly audit   '@vitest/snapshot': [ '2.1.9' ],
877 silly audit   '@vitest/spy': [ '2.1.9' ],
877 silly audit   '@vitest/utils': [ '2.1.9' ],
877 silly audit   chai: [ '5.3.3' ],
877 silly audit   'expect-type': [ '1.4.0' ],
877 silly audit   'magic-string': [ '0.30.21' ],
877 silly audit   pathe: [ '1.1.2' ],
877 silly audit   'std-env': [ '3.10.0' ],
877 silly audit   tinybench: [ '2.9.0' ],
877 silly audit   tinyexec: [ '0.3.2' ],
877 silly audit   tinypool: [ '1.1.1' ],
877 silly audit   tinyrainbow: [ '1.2.0' ],
877 silly audit   'vite-node': [ '2.1.9' ],
877 silly audit   'why-is-node-running': [ '2.3.0' ],
877 silly audit   'estree-walker': [ '3.0.3' ],
877 silly audit   tinyspy: [ '3.0.2' ],
877 silly audit   loupe: [ '3.2.1' ],
877 silly audit   'assertion-error': [ '2.0.1' ],
877 silly audit   'check-error': [ '2.1.3' ],
877 silly audit   'deep-eql': [ '5.0.2' ],
877 silly audit   pathval: [ '2.0.1' ],
877 silly audit   cac: [ '6.7.14' ],
877 silly audit   'es-module-lexer': [ '1.7.0' ],
877 silly audit   siginfo: [ '2.0.0' ],
877 silly audit   stackback: [ '0.0.2' ]
877 silly audit }
878 verbose reify failed optional dependency /workspace/node_modules/@rollup/rollup-win32-x64-msvc
879 silly reify mark deleted [ '/workspace/node_modules/@rollup/rollup-win32-x64-msvc' ]
880 verbose reify failed optional dependency /workspace/node_modules/@rollup/rollup-win32-x64-gnu
881 silly reify mark deleted [ '/workspace/node_modules/@rollup/rollup-win32-x64-gnu' ]
882 verbose reify failed optional dependency /workspace/node_modules/@rollup/rollup-win32-ia32-msvc
883 silly reify mark deleted [ '/workspace/node_modules/@rollup/rollup-win32-ia32-msvc' ]
884 verbose reify failed optional dependency /workspace/node_modules/@rollup/rollup-win32-arm64-msvc
885 silly reify mark deleted [ '/workspace/node_modules/@rollup/rollup-win32-arm64-msvc' ]
886 verbose reify failed optional dependency /workspace/node_modules/@rollup/rollup-openharmony-arm64
887 silly reify mark deleted [ '/workspace/node_modules/@rollup/rollup-openharmony-arm64' ]
888 verbose reify failed optional dependency /workspace/node_modules/@rollup/rollup-openbsd-x64
889 silly reify mark deleted [ '/workspace/node_modules/@rollup/rollup-openbsd-x64' ]
890 verbose reify failed optional dependency /workspace/node_modules/@rollup/rollup-linux-x64-musl
891 silly reify mark deleted [ '/workspace/node_modules/@rollup/rollup-linux-x64-musl' ]
892 verbose reify failed optional dependency /workspace/node_modules/@rollup/rollup-linux-x64-gnu
893 silly reify mark deleted [ '/workspace/node_modules/@rollup/rollup-linux-x64-gnu' ]
894 verbose reify failed optional dependency /workspace/node_modules/@rollup/rollup-linux-s390x-gnu
895 silly reify mark deleted [ '/workspace/node_modules/@rollup/rollup-linux-s390x-gnu' ]
896 verbose reify failed optional dependency /workspace/node_modules/@rollup/rollup-linux-riscv64-musl
897 silly reify mark deleted [ '/workspace/node_modules/@rollup/rollup-linux-riscv64-musl' ]
898 verbose reify failed optional dependency /workspace/node_modules/@rollup/rollup-linux-riscv64-gnu
899 silly reify mark deleted [ '/workspace/node_modules/@rollup/rollup-linux-riscv64-gnu' ]
900 verbose reify failed optional dependency /workspace/node_modules/@rollup/rollup-linux-ppc64-musl
901 silly reify mark deleted [ '/workspace/node_modules/@rollup/rollup-linux-ppc64-musl' ]
902 verbose reify failed optional dependency /workspace/node_modules/@rollup/rollup-linux-ppc64-gnu
903 silly reify mark deleted [ '/workspace/node_modules/@rollup/rollup-linux-ppc64-gnu' ]
904 verbose reify failed optional dependency /workspace/node_modules/@rollup/rollup-linux-loong64-musl
905 silly reify mark deleted [ '/workspace/node_modules/@rollup/rollup-linux-loong64-musl' ]
906 verbose reify failed optional dependency /workspace/node_modules/@rollup/rollup-linux-loong64-gnu
907 silly reify mark deleted [ '/workspace/node_modules/@rollup/rollup-linux-loong64-gnu' ]
908 verbose reify failed optional dependency /workspace/node_modules/@rollup/rollup-linux-arm64-musl
909 silly reify mark deleted [ '/workspace/node_modules/@rollup/rollup-linux-arm64-musl' ]
910 verbose reify failed optional dependency /workspace/node_modules/@rollup/rollup-linux-arm-musleabihf
911 silly reify mark deleted [ '/workspace/node_modules/@rollup/rollup-linux-arm-musleabihf' ]
912 verbose reify failed optional dependency /workspace/node_modules/@rollup/rollup-linux-arm-gnueabihf
913 silly reify mark deleted [ '/workspace/node_modules/@rollup/rollup-linux-arm-gnueabihf' ]
914 verbose reify failed optional dependency /workspace/node_modules/@rollup/rollup-freebsd-x64
915 silly reify mark deleted [ '/workspace/node_modules/@rollup/rollup-freebsd-x64' ]
916 verbose reify failed optional dependency /workspace/node_modules/@rollup/rollup-freebsd-arm64
917 silly reify mark deleted [ '/workspace/node_modules/@rollup/rollup-freebsd-arm64' ]
918 verbose reify failed optional dependency /workspace/node_modules/@rollup/rollup-darwin-x64
919 silly reify mark deleted [ '/workspace/node_modules/@rollup/rollup-darwin-x64' ]
920 verbose reify failed optional dependency /workspace/node_modules/@rollup/rollup-darwin-arm64
921 silly reify mark deleted [ '/workspace/node_modules/@rollup/rollup-darwin-arm64' ]
922 verbose reify failed optional dependency /workspace/node_modules/@rollup/rollup-android-arm64
923 silly reify mark deleted [ '/workspace/node_modules/@rollup/rollup-android-arm64' ]
924 verbose reify failed optional dependency /workspace/node_modules/@rollup/rollup-android-arm-eabi
925 silly reify mark deleted [ '/workspace/node_modules/@rollup/rollup-android-arm-eabi' ]
926 verbose reify failed optional dependency /workspace/node_modules/@napi-rs/lzma-linux-x64-gnu
927 silly reify mark deleted [ '/workspace/node_modules/@napi-rs/lzma-linux-x64-gnu' ]
928 verbose reify failed optional dependency /workspace/node_modules/@esbuild/win32-x64
929 silly reify mark deleted [ '/workspace/node_modules/@esbuild/win32-x64' ]
930 verbose reify failed optional dependency /workspace/node_modules/@esbuild/win32-ia32
931 silly reify mark deleted [ '/workspace/node_modules/@esbuild/win32-ia32' ]
932 verbose reify failed optional dependency /workspace/node_modules/@esbuild/win32-arm64
933 silly reify mark deleted [ '/workspace/node_modules/@esbuild/win32-arm64' ]
934 verbose reify failed optional dependency /workspace/node_modules/@esbuild/sunos-x64
935 silly reify mark deleted [ '/workspace/node_modules/@esbuild/sunos-x64' ]
936 verbose reify failed optional dependency /workspace/node_modules/@esbuild/openbsd-x64
937 silly reify mark deleted [ '/workspace/node_modules/@esbuild/openbsd-x64' ]
938 verbose reify failed optional dependency /workspace/node_modules/@esbuild/netbsd-x64
939 silly reify mark deleted [ '/workspace/node_modules/@esbuild/netbsd-x64' ]
940 verbose reify failed optional dependency /workspace/node_modules/@esbuild/linux-x64
941 silly reify mark deleted [ '/workspace/node_modules/@esbuild/linux-x64' ]
942 verbose reify failed optional dependency /workspace/node_modules/@esbuild/linux-s390x
943 silly reify mark deleted [ '/workspace/node_modules/@esbuild/linux-s390x' ]
944 verbose reify failed optional dependency /workspace/node_modules/@esbuild/linux-riscv64
945 silly reify mark deleted [ '/workspace/node_modules/@esbuild/linux-riscv64' ]
946 verbose reify failed optional dependency /workspace/node_modules/@esbuild/linux-ppc64
947 silly reify mark deleted [ '/workspace/node_modules/@esbuild/linux-ppc64' ]
948 verbose reify failed optional dependency /workspace/node_modules/@esbuild/linux-mips64el
949 silly reify mark deleted [ '/workspace/node_modules/@esbuild/linux-mips64el' ]
950 verbose reify failed optional dependency /workspace/node_modules/@esbuild/linux-loong64
951 silly reify mark deleted [ '/workspace/node_modules/@esbuild/linux-loong64' ]
952 verbose reify failed optional dependency /workspace/node_modules/@esbuild/linux-ia32
953 silly reify mark deleted [ '/workspace/node_modules/@esbuild/linux-ia32' ]
954 verbose reify failed optional dependency /workspace/node_modules/@esbuild/linux-arm
955 silly reify mark deleted [ '/workspace/node_modules/@esbuild/linux-arm' ]
956 verbose reify failed optional dependency /workspace/node_modules/@esbuild/freebsd-x64
957 silly reify mark deleted [ '/workspace/node_modules/@esbuild/freebsd-x64' ]
958 verbose reify failed optional dependency /workspace/node_modules/@esbuild/freebsd-arm64
959 silly reify mark deleted [ '/workspace/node_modules/@esbuild/freebsd-arm64' ]
960 verbose reify failed optional dependency /workspace/node_modules/@esbuild/darwin-x64
961 silly reify mark deleted [ '/workspace/node_modules/@esbuild/darwin-x64' ]
962 verbose reify failed optional dependency /workspace/node_modules/@esbuild/darwin-arm64
963 silly reify mark deleted [ '/workspace/node_modules/@esbuild/darwin-arm64' ]
964 verbose reify failed optional dependency /workspace/node_modules/@esbuild/android-x64
965 silly reify mark deleted [ '/workspace/node_modules/@esbuild/android-x64' ]
966 verbose reify failed optional dependency /workspace/node_modules/@esbuild/android-arm64
967 silly reify mark deleted [ '/workspace/node_modules/@esbuild/android-arm64' ]
968 verbose reify failed optional dependency /workspace/node_modules/@esbuild/android-arm
969 silly reify mark deleted [ '/workspace/node_modules/@esbuild/android-arm' ]
970 verbose reify failed optional dependency /workspace/node_modules/@esbuild/aix-ppc64
971 silly reify mark deleted [ '/workspace/node_modules/@esbuild/aix-ppc64' ]
972 verbose reify failed optional dependency /workspace/node_modules/fsevents
973 silly reify mark deleted [ '/workspace/node_modules/fsevents' ]
974 silly tarball no local data for stackback@https://registry.npmjs.org/stackback/-/stackback-0.0.2.tgz. Extracting by manifest.
975 silly tarball no local data for pathval@https://registry.npmjs.org/pathval/-/pathval-2.0.1.tgz. Extracting by manifest.
976 silly tarball no local data for es-module-lexer@https://registry.npmjs.org/es-module-lexer/-/es-module-lexer-1.7.0.tgz. Extracting by manifest.
977 silly tarball no local data for deep-eql@https://registry.npmjs.org/deep-eql/-/deep-eql-5.0.2.tgz. Extracting by manifest.
978 silly tarball no local data for check-error@https://registry.npmjs.org/check-error/-/check-error-2.1.3.tgz. Extracting by manifest.
979 silly tarball no local data for vite-node@https://registry.npmjs.org/vite-node/-/vite-node-2.1.9.tgz. Extracting by manifest.
980 silly tarball no local data for tinyspy@https://registry.npmjs.org/tinyspy/-/tinyspy-3.0.2.tgz. Extracting by manifest.
981 silly tarball no local data for why-is-node-running@https://registry.npmjs.org/why-is-node-running/-/why-is-node-running-2.3.0.tgz. Extracting by manifest.
982 silly tarball no local data for tinyrainbow@https://registry.npmjs.org/tinyrainbow/-/tinyrainbow-1.2.0.tgz. Extracting by manifest.
983 silly tarball no local data for estree-walker@https://registry.npmjs.org/estree-walker/-/estree-walker-3.0.3.tgz. Extracting by manifest.
984 silly tarball no local data for loupe@https://registry.npmjs.org/loupe/-/loupe-3.2.1.tgz. Extracting by manifest.
985 silly tarball no local data for tinybench@https://registry.npmjs.org/tinybench/-/tinybench-2.9.0.tgz. Extracting by manifest.
986 silly tarball no local data for tinyexec@https://registry.npmjs.org/tinyexec/-/tinyexec-0.3.2.tgz. Extracting by manifest.
987 silly tarball no local data for std-env@https://registry.npmjs.org/std-env/-/std-env-3.10.0.tgz. Extracting by manifest.
988 silly tarball no local data for tinypool@https://registry.npmjs.org/tinypool/-/tinypool-1.1.1.tgz. Extracting by manifest.
989 silly tarball no local data for expect-type@https://registry.npmjs.org/expect-type/-/expect-type-1.4.0.tgz. Extracting by manifest.
990 silly tarball no local data for pathe@https://registry.npmjs.org/pathe/-/pathe-1.1.2.tgz. Extracting by manifest.
991 silly tarball no local data for chai@https://registry.npmjs.org/chai/-/chai-5.3.3.tgz. Extracting by manifest.
992 silly tarball no local data for magic-string@https://registry.npmjs.org/magic-string/-/magic-string-0.30.21.tgz. Extracting by manifest.
993 silly tarball no local data for @vitest/spy@https://registry.npmjs.org/@vitest/spy/-/spy-2.1.9.tgz. Extracting by manifest.
994 silly tarball no local data for @vitest/runner@https://registry.npmjs.org/@vitest/runner/-/runner-2.1.9.tgz. Extracting by manifest.
995 silly tarball no local data for @vitest/utils@https://registry.npmjs.org/@vitest/utils/-/utils-2.1.9.tgz. Extracting by manifest.
996 silly tarball no local data for siginfo@https://registry.npmjs.org/siginfo/-/siginfo-2.0.0.tgz. Extracting by manifest.
997 silly tarball no local data for assertion-error@https://registry.npmjs.org/assertion-error/-/assertion-error-2.0.1.tgz. Extracting by manifest.
998 silly tarball no local data for cac@https://registry.npmjs.org/cac/-/cac-6.7.14.tgz. Extracting by manifest.
999 silly tarball no local data for @types/estree@https://registry.npmjs.org/@types/estree/-/estree-1.0.9.tgz. Extracting by manifest.
1000 silly tarball no local data for source-map-js@https://registry.npmjs.org/source-map-js/-/source-map-js-1.2.1.tgz. Extracting by manifest.
1001 silly tarball no local data for @vitest/mocker@https://registry.npmjs.org/@vitest/mocker/-/mocker-2.1.9.tgz. Extracting by manifest.
1002 silly tarball no local data for @vitest/pretty-format@https://registry.npmjs.org/@vitest/pretty-format/-/pretty-format-2.1.9.tgz. Extracting by manifest.
1003 silly tarball no local data for @rollup/rollup-linux-arm64-gnu@https://registry.npmjs.org/@rollup/rollup-linux-arm64-gnu/-/rollup-linux-arm64-gnu-4.63.4.tgz. Extracting by manifest.
1004 silly tarball no local data for nanoid@https://registry.npmjs.org/nanoid/-/nanoid-3.3.19.tgz. Extracting by manifest.
1005 silly tarball no local data for @vitest/snapshot@https://registry.npmjs.org/@vitest/snapshot/-/snapshot-2.1.9.tgz. Extracting by manifest.
1006 silly tarball no local data for @vitest/expect@https://registry.npmjs.org/@vitest/expect/-/expect-2.1.9.tgz. Extracting by manifest.
1007 silly tarball no local data for update-browserslist-db@https://registry.npmjs.org/update-browserslist-db/-/update-browserslist-db-1.3.3.tgz. Extracting by manifest.
1008 silly tarball no local data for loose-envify@https://registry.npmjs.org/loose-envify/-/loose-envify-1.4.0.tgz. Extracting by manifest.
1009 silly tarball no local data for yallist@https://registry.npmjs.org/yallist/-/yallist-3.1.1.tgz. Extracting by manifest.
1010 silly tarball no local data for node-releases@https://registry.npmjs.org/node-releases/-/node-releases-2.0.57.tgz. Extracting by manifest.
1011 silly tarball no local data for electron-to-chromium@https://registry.npmjs.org/electron-to-chromium/-/electron-to-chromium-1.5.438.tgz. Extracting by manifest.
1012 silly tarball no local data for @esbuild/linux-arm64@https://registry.npmjs.org/@esbuild/linux-arm64/-/linux-arm64-0.21.5.tgz. Extracting by manifest.
1013 silly tarball no local data for @types/babel__traverse@https://registry.npmjs.org/@types/babel__traverse/-/babel__traverse-7.28.0.tgz. Extracting by manifest.
1014 silly tarball no local data for esbuild@https://registry.npmjs.org/esbuild/-/esbuild-0.21.5.tgz. Extracting by manifest.
1015 silly tarball no local data for escalade@https://registry.npmjs.org/escalade/-/escalade-3.2.0.tgz. Extracting by manifest.
1016 silly tarball no local data for ms@https://registry.npmjs.org/ms/-/ms-2.1.3.tgz. Extracting by manifest.
1017 silly tarball no local data for rollup@https://registry.npmjs.org/rollup/-/rollup-4.63.4.tgz. Extracting by manifest.
1018 silly tarball no local data for @types/babel__generator@https://registry.npmjs.org/@types/babel__generator/-/babel__generator-7.27.0.tgz. Extracting by manifest.
1019 silly tarball no local data for @jridgewell/resolve-uri@https://registry.npmjs.org/@jridgewell/resolve-uri/-/resolve-uri-3.1.2.tgz. Extracting by manifest.
1020 silly tarball no local data for scheduler@https://registry.npmjs.org/scheduler/-/scheduler-0.23.2.tgz. Extracting by manifest.
1021 silly tarball no local data for @jridgewell/sourcemap-codec@https://registry.npmjs.org/@jridgewell/sourcemap-codec/-/sourcemap-codec-1.6.0.tgz. Extracting by manifest.
1022 silly tarball no local data for caniuse-lite@https://registry.npmjs.org/caniuse-lite/-/caniuse-lite-1.0.30001810.tgz. Extracting by manifest.
1023 silly tarball no local data for postcss@https://registry.npmjs.org/postcss/-/postcss-8.5.28.tgz. Extracting by manifest.
1024 silly tarball no local data for @types/babel__template@https://registry.npmjs.org/@types/babel__template/-/babel__template-7.4.4.tgz. Extracting by manifest.
1025 silly tarball no local data for @babel/helper-plugin-utils@https://registry.npmjs.org/@babel/helper-plugin-utils/-/helper-plugin-utils-7.29.7.tgz. Extracting by manifest.
1026 silly tarball no local data for baseline-browser-mapping@https://registry.npmjs.org/baseline-browser-mapping/-/baseline-browser-mapping-2.11.25.tgz. Extracting by manifest.
1027 silly tarball no local data for lru-cache@https://registry.npmjs.org/lru-cache/-/lru-cache-5.1.1.tgz. Extracting by manifest.
1028 silly tarball no local data for @babel/helper-globals@https://registry.npmjs.org/@babel/helper-globals/-/helper-globals-7.29.7.tgz. Extracting by manifest.
1029 silly tarball no local data for @babel/compat-data@https://registry.npmjs.org/@babel/compat-data/-/compat-data-7.29.7.tgz. Extracting by manifest.
1030 silly tarball no local data for browserslist@https://registry.npmjs.org/browserslist/-/browserslist-4.29.0.tgz. Extracting by manifest.
1031 silly tarball no local data for @babel/helper-string-parser@https://registry.npmjs.org/@babel/helper-string-parser/-/helper-string-parser-7.29.7.tgz. Extracting by manifest.
1032 silly tarball no local data for @jridgewell/trace-mapping@https://registry.npmjs.org/@jridgewell/trace-mapping/-/trace-mapping-0.3.31.tgz. Extracting by manifest.
1033 silly tarball no local data for jsesc@https://registry.npmjs.org/jsesc/-/jsesc-3.1.0.tgz. Extracting by manifest.
1034 silly tarball no local data for @babel/helper-module-imports@https://registry.npmjs.org/@babel/helper-module-imports/-/helper-module-imports-7.29.7.tgz. Extracting by manifest.
1035 silly tarball no local data for @jridgewell/gen-mapping@https://registry.npmjs.org/@jridgewell/gen-mapping/-/gen-mapping-0.3.13.tgz. Extracting by manifest.
1036 silly tarball no local data for semver@https://registry.npmjs.org/semver/-/semver-6.3.1.tgz. Extracting by manifest.
1037 silly tarball no local data for @babel/helper-validator-identifier@https://registry.npmjs.org/@babel/helper-validator-identifier/-/helper-validator-identifier-7.29.7.tgz. Extracting by manifest.
1038 silly tarball no local data for js-tokens@https://registry.npmjs.org/js-tokens/-/js-tokens-4.0.0.tgz. Extracting by manifest.
1039 silly tarball no local data for @babel/helper-validator-option@https://registry.npmjs.org/@babel/helper-validator-option/-/helper-validator-option-7.29.7.tgz. Extracting by manifest.
1040 silly tarball no local data for json5@https://registry.npmjs.org/json5/-/json5-2.2.3.tgz. Extracting by manifest.
1041 silly tarball no local data for convert-source-map@https://registry.npmjs.org/convert-source-map/-/convert-source-map-2.0.0.tgz. Extracting by manifest.
1042 silly tarball no local data for picocolors@https://registry.npmjs.org/picocolors/-/picocolors-1.1.1.tgz. Extracting by manifest.
1043 silly tarball no local data for @babel/traverse@https://registry.npmjs.org/@babel/traverse/-/traverse-7.29.8.tgz. Extracting by manifest.
1044 silly tarball no local data for @babel/types@https://registry.npmjs.org/@babel/types/-/types-7.29.8.tgz. Extracting by manifest.
1045 silly tarball no local data for @jridgewell/remapping@https://registry.npmjs.org/@jridgewell/remapping/-/remapping-2.3.5.tgz. Extracting by manifest.
1046 silly tarball no local data for @babel/helpers@https://registry.npmjs.org/@babel/helpers/-/helpers-7.29.7.tgz. Extracting by manifest.
1047 silly tarball no local data for gensync@https://registry.npmjs.org/gensync/-/gensync-1.0.0-beta.2.tgz. Extracting by manifest.
1048 silly tarball no local data for @babel/helper-module-transforms@https://registry.npmjs.org/@babel/helper-module-transforms/-/helper-module-transforms-7.29.7.tgz. Extracting by manifest.
1049 silly tarball no local data for @babel/generator@https://registry.npmjs.org/@babel/generator/-/generator-7.29.8.tgz. Extracting by manifest.
1050 silly tarball no local data for debug@https://registry.npmjs.org/debug/-/debug-4.4.3.tgz. Extracting by manifest.
1051 silly tarball no local data for react-refresh@https://registry.npmjs.org/react-refresh/-/react-refresh-0.17.0.tgz. Extracting by manifest.
1052 silly tarball no local data for @babel/code-frame@https://registry.npmjs.org/@babel/code-frame/-/code-frame-7.29.7.tgz. Extracting by manifest.
1053 silly tarball no local data for @babel/template@https://registry.npmjs.org/@babel/template/-/template-7.29.7.tgz. Extracting by manifest.
1054 silly tarball no local data for @rolldown/pluginutils@https://registry.npmjs.org/@rolldown/pluginutils/-/pluginutils-1.0.0-beta.27.tgz. Extracting by manifest.
1055 silly tarball no local data for @babel/parser@https://registry.npmjs.org/@babel/parser/-/parser-7.29.9.tgz. Extracting by manifest.
1056 silly tarball no local data for @babel/plugin-transform-react-jsx-source@https://registry.npmjs.org/@babel/plugin-transform-react-jsx-source/-/plugin-transform-react-jsx-source-7.29.7.tgz. Extracting by manifest.
1057 silly tarball no local data for @types/babel__core@https://registry.npmjs.org/@types/babel__core/-/babel__core-7.20.5.tgz. Extracting by manifest.
1058 silly tarball no local data for csstype@https://registry.npmjs.org/csstype/-/csstype-3.2.3.tgz. Extracting by manifest.
1059 silly tarball no local data for @types/prop-types@https://registry.npmjs.org/@types/prop-types/-/prop-types-15.7.15.tgz. Extracting by manifest.
1060 silly tarball no local data for vitest@https://registry.npmjs.org/vitest/-/vitest-2.1.9.tgz. Extracting by manifest.
1061 silly tarball no local data for typescript@https://registry.npmjs.org/typescript/-/typescript-5.9.3.tgz. Extracting by manifest.
1062 silly tarball no local data for @babel/helper-compilation-targets@https://registry.npmjs.org/@babel/helper-compilation-targets/-/helper-compilation-targets-7.29.7.tgz. Extracting by manifest.
1063 silly tarball no local data for @babel/core@https://registry.npmjs.org/@babel/core/-/core-7.29.7.tgz. Extracting by manifest.
1064 silly tarball no local data for @vitejs/plugin-react@https://registry.npmjs.org/@vitejs/plugin-react/-/plugin-react-4.7.0.tgz. Extracting by manifest.
1065 silly tarball no local data for @babel/plugin-transform-react-jsx-self@https://registry.npmjs.org/@babel/plugin-transform-react-jsx-self/-/plugin-transform-react-jsx-self-7.29.7.tgz. Extracting by manifest.
1066 silly tarball no local data for react@https://registry.npmjs.org/react/-/react-18.3.1.tgz. Extracting by manifest.
1067 silly tarball no local data for vite@https://registry.npmjs.org/vite/-/vite-5.4.21.tgz. Extracting by manifest.
1068 silly tarball no local data for @types/react-dom@https://registry.npmjs.org/@types/react-dom/-/react-dom-18.3.7.tgz. Extracting by manifest.
1069 silly tarball no local data for react-dom@https://registry.npmjs.org/react-dom/-/react-dom-18.3.1.tgz. Extracting by manifest.
1070 silly tarball no local data for @types/react@https://registry.npmjs.org/@types/react/-/react-18.3.31.tgz. Extracting by manifest.
1071 http fetch GET 200 https://registry.npmjs.org/why-is-node-running/-/why-is-node-running-2.3.0.tgz 157ms (cache miss)
1072 http fetch GET 200 https://registry.npmjs.org/tinyspy/-/tinyspy-3.0.2.tgz 158ms (cache miss)
1073 http fetch GET 200 https://registry.npmjs.org/deep-eql/-/deep-eql-5.0.2.tgz 160ms (cache miss)
1074 http fetch GET 200 https://registry.npmjs.org/stackback/-/stackback-0.0.2.tgz 164ms (cache miss)
1075 http fetch GET 200 https://registry.npmjs.org/es-module-lexer/-/es-module-lexer-1.7.0.tgz 164ms (cache miss)
1076 http fetch GET 200 https://registry.npmjs.org/pathval/-/pathval-2.0.1.tgz 173ms (cache miss)
1077 http fetch GET 200 https://registry.npmjs.org/check-error/-/check-error-2.1.3.tgz 182ms (cache miss)
1078 http fetch GET 200 https://registry.npmjs.org/vite-node/-/vite-node-2.1.9.tgz 184ms (cache miss)
1079 http fetch GET 200 https://registry.npmjs.org/tinypool/-/tinypool-1.1.1.tgz 248ms (cache miss)
1080 http fetch GET 200 https://registry.npmjs.org/pathe/-/pathe-1.1.2.tgz 259ms (cache miss)
1081 http fetch GET 200 https://registry.npmjs.org/expect-type/-/expect-type-1.4.0.tgz 260ms (cache miss)
1082 http fetch POST 200 https://registry.npmjs.org/-/npm/v1/security/advisories/bulk 876ms
1083 silly audit report {
1083 silly audit report   vite: [
1083 silly audit report     {
1083 silly audit report       id: 1120784,
1083 silly audit report       url: 'https://github.com/advisories/GHSA-v6wh-96g9-6wx3',
1083 silly audit report       title: 'launch-editor: NTLMv2 hash disclosure via UNC path handling on Windows',
1083 silly audit report       severity: 'moderate',
1083 silly audit report       vulnerable_versions: '<=6.4.2',
1083 silly audit report       cwe: [Array],
1083 silly audit report       cvss: [Object]
1083 silly audit report     },
1083 silly audit report     {
1083 silly audit report       id: 1116229,
1083 silly audit report       url: 'https://github.com/advisories/GHSA-4w7w-66w2-5vf9',
1083 silly audit report       title: 'Vite Vulnerable to Path Traversal in Optimized Deps `.map` Handling',
1083 silly audit report       severity: 'moderate',
1083 silly audit report       vulnerable_versions: '<=6.4.1',
1083 silly audit report       cwe: [Array],
1083 silly audit report       cvss: [Object]
1083 silly audit report     },
1083 silly audit report     {
1083 silly audit report       id: 1123525,
1083 silly audit report       url: 'https://github.com/advisories/GHSA-fx2h-pf6j-xcff',
1083 silly audit report       title: 'vite: `server.fs.deny` bypass on Windows alternate paths',
1083 silly audit report       severity: 'high',
1083 silly audit report       vulnerable_versions: '<=6.4.2',
1083 silly audit report       cwe: [Array],
1083 silly audit report       cvss: [Object]
1083 silly audit report     }
1083 silly audit report   ],
1083 silly audit report   vitest: [
1083 silly audit report     {
1083 silly audit report       id: 1139528,
1083 silly audit report       url: 'https://github.com/advisories/GHSA-5xrq-8626-4rwp',
1083 silly audit report       title: 'When Vitest UI server is listening, arbitrary file can be read and executed',
1083 silly audit report       severity: 'critical',
1083 silly audit report       vulnerable_versions: '<3.2.6',
1083 silly audit report       cwe: [Array],
1083 silly audit report       cvss: [Object]
1083 silly audit report     },
1083 silly audit report     {
1083 silly audit report       id: 1193683,
1083 silly audit report       url: 'https://github.com/advisories/GHSA-82fw-gwwq-j7x9',
1083 silly audit report       title: 'Vitest: Path Traversal / Arbitrary File Read via @vitest/mocker Redirect Mock',
1083 silly audit report       severity: 'moderate',
1083 silly audit report       vulnerable_versions: '>=2.1.0 <4.1.11',
1083 silly audit report       cwe: [Array],
1083 silly audit report       cvss: [Object]
1083 silly audit report     }
1083 silly audit report   ],
1083 silly audit report   esbuild: [
1083 silly audit report     {
1083 silly audit report       id: 1102341,
1083 silly audit report       url: 'https://github.com/advisories/GHSA-67mh-4wv8-2f99',
1083 silly audit report       title: 'esbuild enables any website to send any requests to the development server and read the response',
1083 silly audit report       severity: 'moderate',
1083 silly audit report       vulnerable_versions: '<=0.24.2',
1083 silly audit report       cwe: [Array],
1083 silly audit report       cvss: [Object]
1083 silly audit report     }
1083 silly audit report   ],
1083 silly audit report   '@vitest/mocker': [
1083 silly audit report     {
1083 silly audit report       id: 1193684,
1083 silly audit report       url: 'https://github.com/advisories/GHSA-82fw-gwwq-j7x9',
1083 silly audit report       title: 'Vitest: Path Traversal / Arbitrary File Read via @vitest/mocker Redirect Mock',
1083 silly audit report       severity: 'moderate',
1083 silly audit report       vulnerable_versions: '>=2.1.0 <4.1.11',
1083 silly audit report       cwe: [Array],
1083 silly audit report       cvss: [Object]
1083 silly audit report     }
1083 silly audit report   ]
1083 silly audit report }
1084 silly packumentCache corgi:https://registry.npmjs.org/vite cache-miss
1085 silly packumentCache corgi:https://registry.npmjs.org/vitest cache-miss
1086 silly packumentCache corgi:https://registry.npmjs.org/esbuild cache-miss
1087 silly packumentCache corgi:https://registry.npmjs.org/@vitest%2fmocker cache-miss
1088 http fetch GET 200 https://registry.npmjs.org/@vitest/spy/-/spy-2.1.9.tgz 280ms (cache miss)
1089 http fetch GET 200 https://registry.npmjs.org/magic-string/-/magic-string-0.30.21.tgz 283ms (cache miss)
1090 http fetch GET 200 https://registry.npmjs.org/chai/-/chai-5.3.3.tgz 295ms (cache miss)
1091 http fetch GET 200 https://registry.npmjs.org/siginfo/-/siginfo-2.0.0.tgz 412ms (cache miss)
1092 http fetch GET 200 https://registry.npmjs.org/@types/estree/-/estree-1.0.9.tgz 415ms (cache miss)
1093 http fetch GET 200 https://registry.npmjs.org/assertion-error/-/assertion-error-2.0.1.tgz 417ms (cache miss)
1094 http fetch GET 200 https://registry.npmjs.org/@vitest/runner/-/runner-2.1.9.tgz 423ms (cache miss)
1095 http fetch GET 200 https://registry.npmjs.org/cac/-/cac-6.7.14.tgz 424ms (cache miss)
1096 http fetch GET 200 https://registry.npmjs.org/@vitest/utils/-/utils-2.1.9.tgz 428ms (cache miss)
1097 http fetch GET 200 https://registry.npmjs.org/source-map-js/-/source-map-js-1.2.1.tgz 427ms (cache miss)
1098 http fetch GET 200 https://registry.npmjs.org/nanoid/-/nanoid-3.3.19.tgz 499ms (cache miss)
1099 http fetch GET 200 https://registry.npmjs.org/loose-envify/-/loose-envify-1.4.0.tgz 501ms (cache miss)
1100 http fetch GET 200 https://registry.npmjs.org/@vitest/pretty-format/-/pretty-format-2.1.9.tgz 529ms (cache miss)
1101 http fetch GET 200 https://registry.npmjs.org/yallist/-/yallist-3.1.1.tgz 538ms (cache miss)
1102 http fetch GET 200 https://registry.npmjs.org/@vitest/expect/-/expect-2.1.9.tgz 539ms (cache miss)
1103 http fetch GET 200 https://registry.npmjs.org/tinyrainbow/-/tinyrainbow-1.2.0.tgz 547ms (cache miss)
1104 http fetch GET 200 https://registry.npmjs.org/tinyexec/-/tinyexec-0.3.2.tgz 547ms (cache miss)
1105 http fetch GET 200 https://registry.npmjs.org/update-browserslist-db/-/update-browserslist-db-1.3.3.tgz 542ms (cache miss)
1106 http fetch GET 200 https://registry.npmjs.org/@vitest/mocker/-/mocker-2.1.9.tgz 558ms (cache miss)
1107 http fetch GET 200 https://registry.npmjs.org/@vitest/snapshot/-/snapshot-2.1.9.tgz 557ms (cache miss)
1108 http fetch GET 200 https://registry.npmjs.org/std-env/-/std-env-3.10.0.tgz 611ms (cache miss)
1109 http fetch GET 200 https://registry.npmjs.org/node-releases/-/node-releases-2.0.57.tgz 607ms (cache miss)
1110 http fetch GET 200 https://registry.npmjs.org/estree-walker/-/estree-walker-3.0.3.tgz 628ms (cache miss)
1111 http fetch GET 200 https://registry.npmjs.org/electron-to-chromium/-/electron-to-chromium-1.5.438.tgz 622ms (cache miss)
1112 http fetch GET 200 https://registry.npmjs.org/escalade/-/escalade-3.2.0.tgz 623ms (cache miss)
1113 http fetch GET 200 https://registry.npmjs.org/@types/babel__traverse/-/babel__traverse-7.28.0.tgz 629ms (cache miss)
1114 http fetch GET 200 https://registry.npmjs.org/esbuild/-/esbuild-0.21.5.tgz 631ms (cache miss)
1115 http fetch GET 200 https://registry.npmjs.org/ms/-/ms-2.1.3.tgz 639ms (cache miss)
1116 http fetch GET 200 https://registry.npmjs.org/tinybench/-/tinybench-2.9.0.tgz 650ms (cache miss)
1117 http fetch GET 200 https://registry.npmjs.org/@jridgewell/resolve-uri/-/resolve-uri-3.1.2.tgz 650ms (cache miss)
1118 http fetch GET 200 https://registry.npmjs.org/@types/babel__generator/-/babel__generator-7.27.0.tgz 652ms (cache miss)
1119 http fetch GET 200 https://registry.npmjs.org/@rollup/rollup-linux-arm64-gnu/-/rollup-linux-arm64-gnu-4.63.4.tgz 660ms (cache miss)
1120 http fetch GET 200 https://registry.npmjs.org/loupe/-/loupe-3.2.1.tgz 681ms (cache miss)
1121 http fetch GET 200 https://registry.npmjs.org/scheduler/-/scheduler-0.23.2.tgz 702ms (cache miss)
1122 http fetch GET 200 https://registry.npmjs.org/@types/babel__template/-/babel__template-7.4.4.tgz 717ms (cache miss)
1123 http fetch GET 200 https://registry.npmjs.org/lru-cache/-/lru-cache-5.1.1.tgz 722ms (cache miss)
1124 http fetch GET 200 https://registry.npmjs.org/@babel/compat-data/-/compat-data-7.29.7.tgz 725ms (cache miss)
1125 http fetch GET 200 https://registry.npmjs.org/@babel/helper-globals/-/helper-globals-7.29.7.tgz 738ms (cache miss)
1126 http fetch GET 200 https://registry.npmjs.org/@babel/helper-plugin-utils/-/helper-plugin-utils-7.29.7.tgz 745ms (cache miss)
1127 http fetch GET 200 https://registry.npmjs.org/browserslist/-/browserslist-4.29.0.tgz 801ms (cache miss)
1128 http fetch GET 200 https://registry.npmjs.org/@babel/helper-string-parser/-/helper-string-parser-7.29.7.tgz 815ms (cache miss)
1129 http fetch GET 200 https://registry.npmjs.org/baseline-browser-mapping/-/baseline-browser-mapping-2.11.25.tgz 833ms (cache miss)
1130 http fetch GET 200 https://registry.npmjs.org/jsesc/-/jsesc-3.1.0.tgz 835ms (cache miss)
1131 http fetch GET 200 https://registry.npmjs.org/@babel/helper-module-imports/-/helper-module-imports-7.29.7.tgz 839ms (cache miss)
1132 http fetch GET 200 https://registry.npmjs.org/semver/-/semver-6.3.1.tgz 845ms (cache miss)
1133 http fetch GET 200 https://registry.npmjs.org/@babel/helper-validator-identifier/-/helper-validator-identifier-7.29.7.tgz 846ms (cache miss)
1134 http fetch GET 200 https://registry.npmjs.org/@jridgewell/sourcemap-codec/-/sourcemap-codec-1.6.0.tgz 852ms (cache miss)
1135 http fetch GET 200 https://registry.npmjs.org/js-tokens/-/js-tokens-4.0.0.tgz 855ms (cache miss)
1136 http fetch GET 200 https://registry.npmjs.org/@babel/helper-validator-option/-/helper-validator-option-7.29.7.tgz 988ms (cache miss)
1137 http fetch GET 200 https://registry.npmjs.org/@jridgewell/gen-mapping/-/gen-mapping-0.3.13.tgz 1038ms (cache miss)
1138 http fetch GET 200 https://registry.npmjs.org/react-refresh/-/react-refresh-0.17.0.tgz 1042ms (cache miss)
1139 http fetch GET 200 https://registry.npmjs.org/gensync/-/gensync-1.0.0-beta.2.tgz 1045ms (cache miss)
1140 http fetch GET 200 https://registry.npmjs.org/debug/-/debug-4.4.3.tgz 1047ms (cache miss)
1141 http fetch GET 200 https://registry.npmjs.org/convert-source-map/-/convert-source-map-2.0.0.tgz 1054ms (cache miss)
1142 http fetch GET 200 https://registry.npmjs.org/@jridgewell/remapping/-/remapping-2.3.5.tgz 1072ms (cache miss)
1143 http fetch GET 200 https://registry.npmjs.org/picocolors/-/picocolors-1.1.1.tgz 1083ms (cache miss)
1144 http fetch GET 200 https://registry.npmjs.org/@jridgewell/trace-mapping/-/trace-mapping-0.3.31.tgz 1087ms (cache miss)
1145 http fetch GET 200 https://registry.npmjs.org/@babel/code-frame/-/code-frame-7.29.7.tgz 1095ms (cache miss)
1146 http fetch GET 200 https://registry.npmjs.org/postcss/-/postcss-8.5.28.tgz 1177ms (cache miss)
1147 http fetch GET 200 https://registry.npmjs.org/@rolldown/pluginutils/-/pluginutils-1.0.0-beta.27.tgz 1174ms (cache miss)
1148 http fetch GET 200 https://registry.npmjs.org/@babel/helper-module-transforms/-/helper-module-transforms-7.29.7.tgz 1176ms (cache miss)
1149 http fetch GET 200 https://registry.npmjs.org/@babel/helper-compilation-targets/-/helper-compilation-targets-7.29.7.tgz 1196ms (cache miss)
1150 http fetch GET 200 https://registry.npmjs.org/@types/prop-types/-/prop-types-15.7.15.tgz 1209ms (cache miss)
1151 http fetch GET 200 https://registry.npmjs.org/@vitejs/plugin-react/-/plugin-react-4.7.0.tgz 1209ms (cache miss)
1152 http fetch GET 200 https://registry.npmjs.org/json5/-/json5-2.2.3.tgz 1217ms (cache miss)
1153 http fetch GET 200 https://registry.npmjs.org/@types/babel__core/-/babel__core-7.20.5.tgz 1213ms (cache miss)
1154 http fetch GET 200 https://registry.npmjs.org/@babel/template/-/template-7.29.7.tgz 1239ms (cache miss)
1155 http fetch GET 200 https://registry.npmjs.org/@babel/plugin-transform-react-jsx-source/-/plugin-transform-react-jsx-source-7.29.7.tgz 1245ms (cache miss)
1156 http fetch GET 200 https://registry.npmjs.org/@babel/plugin-transform-react-jsx-self/-/plugin-transform-react-jsx-self-7.29.7.tgz 1257ms (cache miss)
1157 http fetch GET 200 https://registry.npmjs.org/@types/react-dom/-/react-dom-18.3.7.tgz 1277ms (cache miss)
1158 http fetch GET 200 https://registry.npmjs.org/rollup/-/rollup-4.63.4.tgz 1297ms (cache miss)
1159 http fetch GET 200 https://registry.npmjs.org/@vitest%2fmocker 1058ms (cache miss)
1160 silly packumentCache corgi:https://registry.npmjs.org/@vitest%2fmocker set size:undefined disposed:false
1161 http fetch GET 200 https://registry.npmjs.org/react/-/react-18.3.1.tgz 1341ms (cache miss)
1162 http fetch GET 200 https://registry.npmjs.org/@types/react/-/react-18.3.31.tgz 1383ms (cache miss)
1163 http fetch GET 200 https://registry.npmjs.org/csstype/-/csstype-3.2.3.tgz 1413ms (cache miss)
1164 http fetch GET 200 https://registry.npmjs.org/@babel/generator/-/generator-7.29.8.tgz 1417ms (cache miss)
1165 http fetch GET 200 https://registry.npmjs.org/esbuild 1192ms (cache miss)
1166 silly packumentCache corgi:https://registry.npmjs.org/esbuild set size:undefined disposed:false
1167 http fetch GET 200 https://registry.npmjs.org/vitest 1257ms (cache miss)
1168 silly packumentCache corgi:https://registry.npmjs.org/vitest set size:undefined disposed:false
1169 http fetch GET 200 https://registry.npmjs.org/@babel/traverse/-/traverse-7.29.8.tgz 1547ms (cache miss)
1170 http fetch GET 200 https://registry.npmjs.org/@babel/parser/-/parser-7.29.9.tgz 1578ms (cache miss)
1171 http fetch GET 200 https://registry.npmjs.org/vite 1371ms (cache miss)
1172 silly packumentCache corgi:https://registry.npmjs.org/vite set size:undefined disposed:false
1173 silly packumentCache corgi:https://registry.npmjs.org/@vitejs%2fplugin-react cache-miss
1174 silly packumentCache corgi:https://registry.npmjs.org/vite-node cache-miss
1175 http fetch GET 200 https://registry.npmjs.org/vitest/-/vitest-2.1.9.tgz 1812ms (cache miss)
1176 http fetch GET 200 https://registry.npmjs.org/@babel/core/-/core-7.29.7.tgz 1826ms (cache miss)
1177 http fetch GET 200 https://registry.npmjs.org/vite/-/vite-5.4.21.tgz 1869ms (cache miss)
1178 http fetch GET 200 https://registry.npmjs.org/@babel/helpers/-/helpers-7.29.7.tgz 1921ms (cache miss)
1179 http fetch GET 200 https://registry.npmjs.org/react-dom/-/react-dom-18.3.1.tgz 1981ms (cache miss)
1180 http fetch GET 200 https://registry.npmjs.org/@vitejs%2fplugin-react 317ms (cache miss)
1181 silly packumentCache corgi:https://registry.npmjs.org/@vitejs%2fplugin-react set size:undefined disposed:false
1182 http fetch GET 200 https://registry.npmjs.org/@babel/types/-/types-7.29.8.tgz 2077ms (cache miss)
1183 http fetch GET 200 https://registry.npmjs.org/vite-node 369ms (cache miss)
1184 silly packumentCache corgi:https://registry.npmjs.org/vite-node set size:undefined disposed:false
1185 http fetch GET 200 https://registry.npmjs.org/@esbuild/linux-arm64/-/linux-arm64-0.21.5.tgz 2320ms (cache miss)
1186 http fetch GET 200 https://registry.npmjs.org/caniuse-lite/-/caniuse-lite-1.0.30001810.tgz 2496ms (cache miss)
1187 http fetch GET 200 https://registry.npmjs.org/typescript/-/typescript-5.9.3.tgz 2649ms (cache miss)
1188 info run esbuild@0.21.5 postinstall node_modules/esbuild node install.js
1189 info run esbuild@0.21.5 postinstall { code: 0, signal: null }
1190 silly ADD node_modules/stackback
1191 silly ADD node_modules/siginfo
1192 silly ADD node_modules/es-module-lexer
1193 silly ADD node_modules/cac
1194 silly ADD node_modules/pathval
1195 silly ADD node_modules/deep-eql
1196 silly ADD node_modules/check-error
1197 silly ADD node_modules/assertion-error
1198 silly ADD node_modules/loupe
1199 silly ADD node_modules/tinyspy
1200 silly ADD node_modules/estree-walker
1201 silly ADD node_modules/why-is-node-running
1202 silly ADD node_modules/vite-node
1203 silly ADD node_modules/tinyrainbow
1204 silly ADD node_modules/tinypool
1205 silly ADD node_modules/tinyexec
1206 silly ADD node_modules/tinybench
1207 silly ADD node_modules/std-env
1208 silly ADD node_modules/pathe
1209 silly ADD node_modules/magic-string
1210 silly ADD node_modules/expect-type
1211 silly ADD node_modules/chai
1212 silly ADD node_modules/@vitest/utils
1213 silly ADD node_modules/@vitest/spy
1214 silly ADD node_modules/@vitest/snapshot
1215 silly ADD node_modules/@vitest/runner
1216 silly ADD node_modules/@vitest/pretty-format
1217 silly ADD node_modules/@vitest/mocker
1218 silly ADD node_modules/@vitest/expect
1219 silly ADD node_modules/@types/estree
1220 silly ADD
1221 silly ADD
1222 silly ADD
1223 silly ADD
1224 silly ADD
1225 silly ADD
1226 silly ADD
1227 silly ADD
1228 silly ADD
1229 silly ADD
1230 silly ADD
1231 silly ADD
1232 silly ADD
1233 silly ADD
1234 silly ADD
1235 silly ADD
1236 silly ADD node_modules/@rollup/rollup-linux-arm64-gnu
1237 silly ADD
1238 silly ADD
1239 silly ADD
1240 silly ADD
1241 silly ADD
1242 silly ADD
1243 silly ADD
1244 silly ADD
1245 silly ADD
1246 silly ADD node_modules/source-map-js
1247 silly ADD node_modules/nanoid
1248 silly ADD
1249 silly ADD
1250 silly ADD
1251 silly ADD
1252 silly ADD
1253 silly ADD
1254 silly ADD
1255 silly ADD
1256 silly ADD
1257 silly ADD
1258 silly ADD
1259 silly ADD
1260 silly ADD
1261 silly ADD node_modules/@esbuild/linux-arm64
1262 silly ADD
1263 silly ADD
1264 silly ADD
1265 silly ADD
1266 silly ADD
1267 silly ADD
1268 silly ADD
1269 silly ADD
1270 silly ADD
1271 silly ADD node_modules/rollup
1272 silly ADD node_modules/postcss
1273 silly ADD
1274 silly ADD node_modules/esbuild
1275 silly ADD node_modules/escalade
1276 silly ADD node_modules/scheduler
1277 silly ADD node_modules/loose-envify
1278 silly ADD node_modules/yallist
1279 silly ADD node_modules/ms
1280 silly ADD node_modules/update-browserslist-db
1281 silly ADD node_modules/node-releases
1282 silly ADD node_modules/electron-to-chromium
1283 silly ADD node_modules/caniuse-lite
1284 silly ADD node_modules/baseline-browser-mapping
1285 silly ADD node_modules/@types/babel__traverse
1286 silly ADD node_modules/@types/babel__template
1287 silly ADD node_modules/@types/babel__generator
1288 silly ADD node_modules/@jridgewell/resolve-uri
1289 silly ADD node_modules/@jridgewell/sourcemap-codec
1290 silly ADD node_modules/@babel/helper-string-parser
1291 silly ADD node_modules/@babel/helper-globals
1292 silly ADD node_modules/@babel/helper-plugin-utils
1293 silly ADD node_modules/@babel/helper-module-imports
1294 silly ADD node_modules/lru-cache
1295 silly ADD node_modules/browserslist
1296 silly ADD node_modules/@babel/helper-validator-option
1297 silly ADD node_modules/@babel/compat-data
1298 silly ADD node_modules/jsesc
1299 silly ADD node_modules/@jridgewell/trace-mapping
1300 silly ADD node_modules/@jridgewell/gen-mapping
1301 silly ADD node_modules/picocolors
1302 silly ADD node_modules/js-tokens
1303 silly ADD node_modules/@babel/helper-validator-identifier
1304 silly ADD node_modules/semver
1305 silly ADD node_modules/json5
1306 silly ADD node_modules/gensync
1307 silly ADD node_modules/debug
1308 silly ADD node_modules/convert-source-map
1309 silly ADD node_modules/@jridgewell/remapping
1310 silly ADD node_modules/@babel/types
1311 silly ADD node_modules/@babel/traverse
1312 silly ADD node_modules/@babel/template
1313 silly ADD node_modules/@babel/parser
1314 silly ADD node_modules/@babel/helpers
1315 silly ADD node_modules/@babel/helper-module-transforms
1316 silly ADD node_modules/@babel/helper-compilation-targets
1317 silly ADD node_modules/@babel/generator
1318 silly ADD node_modules/@babel/code-frame
1319 silly ADD node_modules/react-refresh
1320 silly ADD node_modules/@types/babel__core
1321 silly ADD node_modules/@rolldown/pluginutils
1322 silly ADD node_modules/@babel/plugin-transform-react-jsx-source
1323 silly ADD node_modules/@babel/plugin-transform-react-jsx-self
1324 silly ADD node_modules/@babel/core
1325 silly ADD node_modules/csstype
1326 silly ADD node_modules/@types/prop-types
1327 silly ADD node_modules/vitest
1328 silly ADD node_modules/typescript
1329 silly ADD node_modules/react-dom
1330 silly ADD node_modules/react
1331 silly ADD node_modules/vite
1332 silly ADD node_modules/@vitejs/plugin-react
1333 silly ADD node_modules/@types/react-dom
1334 silly ADD node_modules/@types/react
1335 verbose cwd /workspace
1336 verbose os Linux 6.12.69-linuxkit
1337 verbose node v22.23.2
1338 verbose npm  v10.8.2
1339 notice
1339 notice New major version of npm available! 10.8.2 -> 12.1.0
1339 notice Changelog: https://github.com/npm/cli/releases/tag/v12.1.0
1339 notice To update run: npm install -g npm@12.1.0
1339 notice  { force: true, [Symbol(proc-log.meta)]: true }
1340 verbose exit 0
1341 info ok
